username,user_handle,date,retweets,favorites,text,geological_location,mentions,hashtags,tweet_id,permalink
"Flight Club",flightclubio,2019-05-27 12:42,2,45,"Choo fucking Choo! #Starlink #SpaceX pic.twitter.com/3pjcAY4eIg",,,#Starlink #SpaceX,"1133096163148783616",https://twitter.com/flightclubio/status/1133096163148783616
"Austin BarnardüöÄ",austinbarnard45,2019-05-27 12:34,39,336,"#SpaceX Crews hard at work, things are getting heated out here. Fire stack roaring, as #StarHopper sits on the pad. Waiting to be reintegrated with the raptor engine, and the beautiful bloom of Texas flowers. Progression on #StarShip fairing. I hope you all have an amazing day. pic.twitter.com/39tGY6sEEA ‚Äì at Spacex Launch Control Center",,,#SpaceX #StarHopper #StarShip,"1133094246876090368",https://twitter.com/austinbarnard45/status/1133094246876090368
"Nathan Barker",NASA_Nerd,2019-05-27 06:14,48,288,"The #SpaceX Falcon 9 Block 5 Booster 1051 that previously supported Crew Dragon Demo-1 is set to launch on its second flight, this time for @csa_asc with #RADARSAT. Launch from Vandenberg is targetted for mid June. pic.twitter.com/GqL1o3qtzv",,@csa_asc,#SpaceX #RADARSAT,"1132998554253967360",https://twitter.com/NASA_Nerd/status/1132998554253967360
"Marcin ≈Åoboz",Marcin_Loboz,2019-05-25 15:54,149,351,"A second flight #Starlink tonight over Poland #SantaClaus #SpaceX #Science #Polska #Poland 25.05.2019 ... 22:15 UTC time pic.twitter.com/0KUhCTEKwc",,,#Starlink #SantaClaus #SpaceX #Science #Polska #Poland,"1132419815052914688",https://twitter.com/Marcin_Loboz/status/1132419815052914688
"·õó·õünika Woj·õûas·õüva",MoWo91,2019-05-25 15:13,18,78,"Actions prove who someone is, words just prove who they want to be. #SpaceX Made for @SpX_memes pic.twitter.com/ZM88hsgrz9",,@SpX_memes,#SpaceX,"1132409330517663745",https://twitter.com/MoWo91/status/1132409330517663745
"VanGogh",VanGoghSpace,2019-05-25 00:29,34,56,"Starlink Satellites. Incredible video by Marco Langbroek #spacex #space #science #aliens pic.twitter.com/8EWmSTn2T7",,,#spacex #space #science #aliens,"1132186954949378049",https://twitter.com/VanGoghSpace/status/1132186954949378049
"Tino",tinonoir,2019-05-25 00:23,28,62,"This looks so surreal #Starlink #SpaceX @elonmusk pic.twitter.com/2PmCEty9BM",,@elonmusk,#Starlink #SpaceX,"1132185489870655488",https://twitter.com/tinonoir/status/1132185489870655488
"Dr.DahaNoob (Denise K.)",Mimikry_,2019-05-24 18:15,34,240,"Finally here my clean shot from yesterdays #SpaceX #Falcon9 #Starlink launch from SLC 40. Location was Marina Park in Titusville. pic.twitter.com/nwwsjIpBMP",,,#SpaceX #Falcon9 #Starlink,"1132092811489230848",https://twitter.com/Mimikry_/status/1132092811489230848
"Michael Baylor",nextspaceflight,2019-05-24 16:56,307,1266,"#Starlink passes over the Netherlands after launch on a #SpaceX #Falcon9. Thanks to @jelhoo1bf4 for sharing this with me. Their friend took the video and gave permission for me to share but didn't want credit. pic.twitter.com/7h2tVA7t4a",,@jelhoo1bf4,#Starlink #SpaceX #Falcon9,"1132073019071877120",https://twitter.com/nextspaceflight/status/1132073019071877120
"John Kraus",johnkrausphotos,2019-05-24 06:33,120,983,"My Celestial Buddies Earth plushie was treated to an amazing, up-close view of yesterday‚Äôs #SpaceX #Starlink launch! pic.twitter.com/VoAOrRe2JP",,,#SpaceX #Starlink,"1131916107806322697",https://twitter.com/johnkrausphotos/status/1131916107806322697
"Tesla New York",TeslaNY,2019-05-23 20:57,78,472,"Awesome!! Congrats @SpaceX @elonmusk! #Starlink #SpaceX pic.twitter.com/07jTi8y288",,@SpaceX @elonmusk,#Starlink #SpaceX,"1131771099610529792",https://twitter.com/TeslaNY/status/1131771099610529792
"Tim",timfosec,2019-05-23 20:47,26,84,"My favorite view from tonight's #spacex #starlink launch! @SpaceX pic.twitter.com/0guI97BMFw",,@SpaceX,#spacex #starlink,"1131768780370194439",https://twitter.com/timfosec/status/1131768780370194439
"Supercluster",SuperclusterHQ,2019-05-23 20:35,218,743,"Here's tonight's #SpaceX nebula over Cape Canaveral as the Falcon 9 rocket's second stage blasts off toward orbit with 60 #Starlink satellites! Shot by @erikkuna for @SuperclusterHQ pic.twitter.com/juOQN9mVEy",,@erikkuna @SuperclusterHQ,#SpaceX #Starlink,"1131765676929093634",https://twitter.com/SuperclusterHQ/status/1131765676929093634
"Michael Baylor",nextspaceflight,2019-05-23 20:33,140,623,"STARLINK DEPLOYMENT CONFIRMED!!! #SpaceX #Starlink pic.twitter.com/vHoRlchJlZ",,,#SpaceX #Starlink,"1131765244349468672",https://twitter.com/nextspaceflight/status/1131765244349468672
"Reuters Top News",Reuters,2019-05-23 19:39,344,684,"LIVE: #SpaceX launches first satellites for Elon Musk's Starlink internet service https://www.pscp.tv/w/b7dQzTF4a2pEQmFkTlpvUXp8MU93eFdrcFd3Qk14UZuMFROidi3nnQ0AGmfDlfjeBMinrk7GKUKIHCvnk2VG ‚Ä¶",,,#SpaceX,"1131751459605794817",https://twitter.com/Reuters/status/1131751459605794817
"John Kraus",johnkrausphotos,2019-05-23 19:38,293,1597,"Sit back, relax, and enjoy the launch! At 10:30 P.M. this evening, #SpaceX launched a Falcon 9 rocket carrying the first 60 #Starlink satellites to orbit. The Starlink constellation will provide high-speed internet worldwide, especially to those in remote locations. pic.twitter.com/jwAibfOzN2",,,#SpaceX #Starlink,"1131751250515636224",https://twitter.com/johnkrausphotos/status/1131751250515636224
"Buzz Aldrin",TheRealBuzz,2019-05-23 19:33,247,3740,"From my balcony...always a welcome sight. #Falcon9 #spacex pic.twitter.com/SZGyWebUiX",,,#Falcon9 #spacex,"1131749927695069185",https://twitter.com/TheRealBuzz/status/1131749927695069185
"Michael Baylor",nextspaceflight,2019-05-23 19:24,65,335,"Starlink solar panel deployment. #SpaceX #Starlink #Falcon9 pic.twitter.com/suTVoX5F4x",,,#SpaceX #Starlink #Falcon9,"1131747812679413760",https://twitter.com/nextspaceflight/status/1131747812679413760
"Julia [SCLA]",julia_bergeron,2019-05-23 06:15,58,265,"The #Starlink Falcon 9 is vertical at LC-40 ahead of tonight's launch attempt. Window opens at 10:30 pm Est. #SpaceX pic.twitter.com/YiObcEy53F",,,#Starlink #SpaceX,"1131549298901102592",https://twitter.com/julia_bergeron/status/1131549298901102592
"/r/SpaceX Masterrace",SpaceXMR,2019-05-27 12:58,1,3,"This isn't even my final form #SpaceX https://www.reddit.com/r/SpaceXMasterrace/comments/btq86s/this_isnt_even_my_final_form/?utm_source=ifttt ‚Ä¶ pic.twitter.com/3lXXlSS947",,,#SpaceX,"1133100098978766848",https://twitter.com/SpaceXMR/status/1133100098978766848
"Dileepa S. Rajapaksa üå†",dsrajapaksa,2019-05-26 21:39,4,12,"An astronomer captured #SpaceX‚Äôs recently-launched 60 #StarLink satellites chain that will provide internet connectivity around the Earth. SpaceX‚Äôs launch earlier this week is the first of many that will eventually launch nearly 12,000 units into orbit in the coming years. pic.twitter.com/6sUdy0UuSK",,,#SpaceX #StarLink,"1132869018690285574",https://twitter.com/dsrajapaksa/status/1132869018690285574
"Supercluster",SuperclusterHQ,2019-05-25 20:19,45,205,"The #SpaceX Starlink launch nebula, shot as the Falcon 9's second stage blasted off to orbit By @erikkuna for @SuperclusterHQ pic.twitter.com/IKUjFrgvnO",,@erikkuna @SuperclusterHQ,#SpaceX,"1132486295501062144",https://twitter.com/SuperclusterHQ/status/1132486295501062144
"Ollie Taylor",OllieTPhoto,2019-05-25 04:40,18,97,"With a group last night, had a long lens on the tripod, though this launched the day before so didn't expect see it, was so slow through the sky, I reached in my bag and grab my other camera, still nailing a couple quick shots. #SpaceX #Dorset #StormHour #awesomeness pic.twitter.com/0iDF9jFYfT",,,#SpaceX #Dorset #StormHour #awesomeness,"1132249958248321024",https://twitter.com/OllieTPhoto/status/1132249958248321024
"Emre Kelly",EmreKelly,2019-05-23 20:26,42,171,"Nice shot of tonight's #SpaceX Starlink launch by co-worker @MalcolmDenemark. The beach is the place to be. pic.twitter.com/qkPGs7WdFy",,@MalcolmDenemark,#SpaceX,"1131763422020997121",https://twitter.com/EmreKelly/status/1131763422020997121
"J. Robert Buchanan",JRobertBuchanan,2019-05-23 19:57,6,48,"Had a near front row seat for the #SpaceX launch. pic.twitter.com/07ZLllUWAQ",,,#SpaceX,"1131755981350871040",https://twitter.com/JRobertBuchanan/status/1131755981350871040
"üì∏Trevor Mahlmann",TrevorMahlmann,2019-05-23 19:53,125,655,"#SpaceX lofts 60 of its #starlink satellites into the night ‚Äî the start of a new era! Here was my view from Marina Park in Titusville. what a beautiful night for a launch. //: https://www.tmahlmann.com/photos/Rockets/SpaceX/SpaceX-Starlink/i-HVNZKgn/ ‚Ä¶ pic.twitter.com/9yJhcbL8M0",,,#SpaceX #starlink,"1131755120826494977",https://twitter.com/TrevorMahlmann/status/1131755120826494977
"B",Greenie_BeeRBLX,2019-05-23 19:52,1,10,"Here's some poor quality pictures of the starlink rocket launch #Starlink #SpaceX pic.twitter.com/FuK4GO6Ctb",,,#Starlink #SpaceX,"1131754855813582848",https://twitter.com/Greenie_BeeRBLX/status/1131754855813582848
"Final-Frontier Updates",UpdatesFrontier,2019-05-23 19:43,8,16,"We have successful liftoff of #Spacex‚Äôs first StarLink Mission! pic.twitter.com/zWRGBm0DX2",,,#Spacex,"1131752575848636417",https://twitter.com/UpdatesFrontier/status/1131752575848636417
"Marcus Cote",marcuscotephoto,2019-05-23 19:42,67,220,"Twice-flown #Falcon9 takes to the sky for the third time tonight with #SpaceX's heaviest payload to date. The payload consists of 60 #Starlink internet satellites that have plans to be made into an expansive constellation of thousands. ( @marcuscotephoto/ Space Coast Times) pic.twitter.com/ogAxe0heex",,@marcuscotephoto,#Falcon9 #SpaceX #Starlink,"1131752282167685120",https://twitter.com/marcuscotephoto/status/1131752282167685120
"Brendan Byrne",SpaceBrendan,2019-05-23 19:40,20,134,"Dang. This booster has landed for a THIRD time. #Starlink #SpaceX #Falcon9 pic.twitter.com/JaliVzyjcp",,,#Starlink #SpaceX #Falcon9,"1131751903153598464",https://twitter.com/SpaceBrendan/status/1131751903153598464
"Corley Peel",WJXT_CorleyPeel,2019-05-23 19:37,7,73,"Just saw the Falcon 9 Rocket!!! I can barely contain my excitement!!! #SpaceX @wjxt4 pic.twitter.com/tOIgxRqJM9",,@wjxt4,#SpaceX,"1131751051701436416",https://twitter.com/WJXT_CorleyPeel/status/1131751051701436416
"Tom McCool",Cygnusx112,2019-05-23 19:36,134,459,"What a beautiful launch! #Falcon9 carrying #Starlink into orbit. #SpaceX @SpaceX #SpaceCoast pic.twitter.com/RzfopGO7Vl",,@SpaceX,#Falcon9 #Starlink #SpaceX #SpaceCoast,"1131750888681431040",https://twitter.com/Cygnusx112/status/1131750888681431040
"Nathan Barker",NASA_Nerd,2019-05-23 05:39,16,98,"45th Space Wing Launch Hazard Area: Its #SpaceX Falcon 9 and #Starlink launch day on the Space Coast. Opening of the window begins at 10:30pm EDT. Steer clear when a launch is near! Credit @ChrisG_NSF (taken during first attempt) pic.twitter.com/BR7eYBGwIJ",,@ChrisG_NSF,#SpaceX #Starlink,"1131540228471173121",https://twitter.com/NASA_Nerd/status/1131540228471173121
"SPadre",SpacePadreIsle,2019-05-23 04:32,28,353,"Raptor hunting this morning at #SpaceX #BocaChica Going live shortly for Sunrise with #Starhopper pic.twitter.com/WLgY1UMl72",,,#SpaceX #BocaChica #Starhopper,"1131523179745284097",https://twitter.com/SpacePadreIsle/status/1131523179745284097
"Emre Kelly",EmreKelly,2019-05-22 13:53,61,240,"Latest on #SpaceX Crew Dragon incident: DEP says the company has been clearing debris from LZ-1 recently. Next step is soil sampling. Only after this will SpaceX develop a remediation, or cleanup, plan for the site. pic.twitter.com/aPdynLD4yZ",,,#SpaceX,"1131302048576757760",https://twitter.com/EmreKelly/status/1131302048576757760
"SPadre",SpacePadreIsle,2019-05-22 06:31,43,327,"Lots of dirt trucks arriving again this morning but no raptor yet. First and last attempt at drawing sea ya tomorrow @7am! #SpaceX #Starhopper #Starship pic.twitter.com/zSPv7u30z7",,@7am,#SpaceX #Starhopper #Starship,"1131190915257851904",https://twitter.com/SpacePadreIsle/status/1131190915257851904
"Rocket Rundown",RocketRundown,2019-05-22 04:30,25,88,"A SpaceX mission in 15 seconds... well most of it... basically just the launch and booster recovery. The launch of the Bangabandu-1 satellite aboard a Falcon 9 rocket on May 11, 2018. Credit: #SpaceX pic.twitter.com/WINgDqy5Bl",,,#SpaceX,"1131160418259558400",https://twitter.com/RocketRundown/status/1131160418259558400
"Jen Street",jenstreet,2019-05-21 20:10,108,461,"Because what's better than @elonmusk as a #PixelArt #Animation? This was so much fun to create! Hope you enjoy! @Tesla @SpaceX @boringcompany #Tesla #ElonMusk #SpaceX #BoringCompany #Starman #8Bit #Mars #Roadster pic.twitter.com/oQGVdJAQgB",,@elonmusk @Tesla @SpaceX @boringcompany,#PixelArt #Animation #Tesla #ElonMusk #SpaceX #BoringCompany #Starman #8Bit #Mars #Roadster,"1131034648044351490",https://twitter.com/jenstreet/status/1131034648044351490
"cryptometeor",cryptofireball,2019-05-27 01:42,0,2,"Billionaire Elon Musk Should Turn SpaceX Stock into a Cryptocurrency #SpaceX #Cryptocurrency https://finance.yahoo.com/news/billionaire-elon-musk-turn-spacex-184824728.html?soc_src=community&soc_trk=tw ‚Ä¶ ‚Ä¶ pic.twitter.com/IJjNoJip9P",,,#SpaceX #Cryptocurrency,"1132930086733320192",https://twitter.com/cryptofireball/status/1132930086733320192
"Michael Seeley",Mike_Seeley,2019-05-26 19:40,6,48,"This is the #SpaceX #Starlink train crossing the sky tonight at 10:09pm (ET), seen in a composite of 25x4-sec exposures. 2 of the frames show (faintly) how spread out the array has become. (Also, there are at least 2 other objects visible in the sky.) (Pics: me/ @WeReportSpace) pic.twitter.com/SuiODiOd9I",,@WeReportSpace,#SpaceX #Starlink,"1132838975931113474",https://twitter.com/Mike_Seeley/status/1132838975931113474
"Steve",V1llage_1d1ot,2019-05-26 18:25,2,20,"Not as bright as the ISS pass but I was fortunate to be awake at 01:43am to see the #starlink train (60 satellites) drift over the house and to capture a 25sec exposure. #spacex #elonmusk pic.twitter.com/KngqBeTsUj",,,#starlink #spacex #elonmusk,"1132820190432026626",https://twitter.com/V1llage_1d1ot/status/1132820190432026626
"Rich Tehrani",rtehrani,2019-05-26 07:16,6,6,"#SpaceX versus #BlueOrigin Who will win the space race? pic.twitter.com/Xim9C7hFP9",,,#SpaceX #BlueOrigin,"1132651793597587457",https://twitter.com/rtehrani/status/1132651793597587457
"Chao Zhou",realChaoZhou,2019-05-25 18:41,7,53,"Why are so many rocks around Tesla gigafactory 3? Curious. $ tsla #Tesla #ElonMusk #Spacex pic.twitter.com/UAklOU69d1",,,#Tesla #ElonMusk #Spacex,"1132461663720955904",https://twitter.com/realChaoZhou/status/1132461663720955904
"üì∏Trevor Mahlmann",TrevorMahlmann,2019-05-25 15:00,134,458,"After witnessing 60 #SpaceX #Starlink satellites fly over my head last night, I wrote a tutorial on how to view/photograph them yourself. Check it out! Time is of the essence, the satellites are increasing distance from one another more & more each day.https://www.tmahlmann.com/2019/05/how-to-watch-or-photograph-starlink/ ‚Ä¶",,,#SpaceX #Starlink,"1132406169765646336",https://twitter.com/TrevorMahlmann/status/1132406169765646336
"SPadre",SpacePadreIsle,2019-05-25 14:27,5,77,"Everyday Astronaut will be visiting South Padre Island soon, broadcasting live coverage of the first #SpaceX #Starhopper launch. If you are on #SouthPadreIsland, keep an eye out for an astronaut in an orange spacesuit! @Erdayastronaut pic.twitter.com/hoiuoevLOe",,@Erdayastronaut,#SpaceX #Starhopper #SouthPadreIsland,"1132397925630382080",https://twitter.com/SpacePadreIsle/status/1132397925630382080
"‚ú®It's Full of Stars ‚ú®üöÄ",IFOS9000,2019-05-24 21:43,13,47,"#SpaceX Falcon 9 launch animated! ~~~~~~~~~~source: Here's tonight's #SpaceX nebula over Cape Canaveral as the Falcon 9 rocket's second stage blasts off toward orbit with 60 #Starlink satellites! Shot by @erikkuna for @SuperclusterHQ pic.twitter.com/rjfNnwN0G3",,@erikkuna @SuperclusterHQ,#SpaceX #SpaceX #Starlink,"1132145034663350272",https://twitter.com/IFOS9000/status/1132145034663350272
"Diana Halstead",DianaHalstead,2019-05-24 20:13,9,53,"Success! @SpaceX Falcon9 Starlink! #SpaceX #Falcon9 #Starlink #NASA #NASASocial pic.twitter.com/dHNMael58o",,@SpaceX,#SpaceX #Falcon9 #Starlink #NASA #NASASocial,"1132122553647083521",https://twitter.com/DianaHalstead/status/1132122553647083521
"Richard",RDAnglePhoto,2019-05-24 10:33,35,123,"My views of last nights @SpaceX #Falcon9 launch carrying the first 60 satellites of the #Starlink satellite constellation that will help bring internet to even the most rural parts of the world! #SpaceX is aiming for 6 more Starlink launches this year. @elonmusk pic.twitter.com/2qFlbepshT",,@SpaceX @elonmusk,#Falcon9 #Starlink #SpaceX,"1131976440952565761",https://twitter.com/RDAnglePhoto/status/1131976440952565761
"Shadow of the Eagle",clemente3000,2019-05-24 08:08,15,36,"#Nasa Saturn-Shuttle concept 1971. #SpaceX #Nasa #History #Tech pic.twitter.com/DUWcGRGzsq",,,#Nasa #SpaceX #Nasa #History #Tech,"1131940111816581120",https://twitter.com/clemente3000/status/1131940111816581120
"Emre Kelly",EmreKelly,2019-05-23 21:30,30,146,"FYI: http://www.starlink.com/ is now up and running. #SpaceX #Starlink pic.twitter.com/3FTt1Soo67",,,#SpaceX #Starlink,"1131779443104657408",https://twitter.com/EmreKelly/status/1131779443104657408
"Eric Szczesniak",EricSzczesniak,2019-05-23 20:46,3,14,"Overall a wild day for #SpaceX! #Starlink ‚Äî> 60 satellites deployed to LEO ‚Äî> Heaviest payload ever carried by #Falcon9 (18.5 tons) ‚Äî> 6th @SpaceX launch of 2019 ‚Äî> 45th consecutive successful SpaceX launch ‚Äî> First launch in a global internet service revolution pic.twitter.com/SI1WcDK9w1",,@SpaceX,#SpaceX #Starlink #Falcon9,"1131768299216355328",https://twitter.com/EricSzczesniak/status/1131768299216355328
"Eric Szczesniak",EricSzczesniak,2019-05-23 20:35,6,16,"#SpaceX has successfully deployed 60 #Starlink satellites! pic.twitter.com/Y79zRAuYl6",,,#SpaceX #Starlink,"1131765556300963840",https://twitter.com/EricSzczesniak/status/1131765556300963840
"Reuters Top News",Reuters,2019-05-23 19:40,62,144,"JUST IN: #SpaceX Falcon 9 rocket blasts off from Florida on mission to carry first Starlink internet satellites into orbit pic.twitter.com/YwBdJBN0Vh",,,#SpaceX,"1131751853471834112",https://twitter.com/Reuters/status/1131751853471834112
"SpaceXFleet Updates",SpaceXFleet,2019-05-23 19:39,25,175,"Successful landing of B1049.3 on Of Course I Still Love You Droneship! ~621km downrange in the Atlantic Ocean. #SpaceX #SpaceXFleet pic.twitter.com/A0YAJ6yqsM",,,#SpaceX #SpaceXFleet,"1131751577071554562",https://twitter.com/SpaceXFleet/status/1131751577071554562
"Kennedy Space Center Visitor Complex",ExploreSpaceKSC,2019-05-23 19:39,39,128,"This evening at 10:30 p.m. ET, #SpaceX‚Äôs Falcon 9 rocket lifted off from Launch Complex 40 carrying 60 #Starlink satellites. Did you #LookUp with us? #JoinTheJourney #KennedySpaceCenter pic.twitter.com/y8JNcvwxRe ‚Äì at Launch Pad 39 Observation Gantry",,,#SpaceX #Starlink #LookUp #JoinTheJourney #KennedySpaceCenter,"1131751498411642881",https://twitter.com/ExploreSpaceKSC/status/1131751498411642881
"Michael Baylor",nextspaceflight,2019-05-23 19:37,30,165,"The first stage has performed the entry burn ahead of landing on OCISLY. #SpaceX #Starlink #Falcon9 pic.twitter.com/06x39YoNn5",,,#SpaceX #Starlink #Falcon9,"1131751050556272640",https://twitter.com/nextspaceflight/status/1131751050556272640
"Tom McCool",Cygnusx112,2019-05-22 13:36,14,107,"Looks like #SpaceX is starting to work on installing the net on Mr Steven. @SpaceXFleet pic.twitter.com/KgXHcFMaTS",,@SpaceXFleet,#SpaceX,"1131297866142670850",https://twitter.com/Cygnusx112/status/1131297866142670850
"Michael Seeley",Mike_Seeley,2019-05-21 19:50,62,364,"Tuesday views of the Space Coast #SpaceX #StarShip rocket build. Crews seem to be installing internal support; the crane seems poised to lift a ring. Also, suggestions that this ship is smaller than TX seem pretty untrue; note people (& a lift) for scale. This. Is. Big. pic.twitter.com/aGBAGoU0PI",,,#SpaceX #StarShip,"1131029422453084160",https://twitter.com/Mike_Seeley/status/1131029422453084160
"SPadre",SpacePadreIsle,2019-05-26 16:45,8,91,"Skies finally clearing from the Central America agricultural burns, just in time for upcoming #Starhopper launches in a week or so. Watch live webcast on #Starship Cam, or come to #SouthPadreIsland to watch! #SpaceX #BocaChica pic.twitter.com/gP4B1xBZIW",,,#Starhopper #Starship #SouthPadreIsland #SpaceX #BocaChica,"1132794951224516608",https://twitter.com/SpacePadreIsle/status/1132794951224516608
"OGVT - Val Terbi",ogvt_en,2019-05-26 16:07,0,3,"Caught - #SpaceX #Starlink Trail over Switzerland, 26.05.2019. Recorded in #Montsevelier ( #ValTerbi) #Jura. https://youtu.be/j6FkLm9T4IE pic.twitter.com/yTA5pjpj5K",,,#SpaceX #Starlink #Montsevelier #ValTerbi #Jura,"1132785242891333633",https://twitter.com/ogvt_en/status/1132785242891333633
"TheFakening",TheFakening,2019-05-26 15:01,55,217,"This is not the Snapchat filter. It's an amalgamation of a few dozen babies. Baby faced Joe Rogan ( @joerogan) and Elon Musk ( @elon) smoking weed deepfake. #joerogan #elonmusk #jre #joeroganexperience #tesla #spacex #weed #marijuana #420 #blunt #spliff #deepfake #deepfakes pic.twitter.com/DlvuChU3TP",,@joerogan @elon,#joerogan #elonmusk #jre #joeroganexperience #tesla #spacex #weed #marijuana #420 #blunt #spliff #deepfake #deepfakes,"1132768786736701445",https://twitter.com/TheFakening/status/1132768786736701445
"Ken Kremer",ken_kremer,2019-05-26 09:41,19,145,"Both recovered #Starlink payload fairings sailed into @PortCanaveral this morning at 1030 AM ET 5/26 aboard GO NAVIGATOR & GO SEARCHER from 5/23 #SpaceX launch. They passed by Mr Steven and 2 mock @SpaceX Crew Dragons before berthing side by side. pic.twitter.com/X4AFCsM9tf",,@PortCanaveral @SpaceX,#Starlink #SpaceX,"1132688228698529793",https://twitter.com/ken_kremer/status/1132688228698529793
"·õó·õünika Woj·õûas·õüva",MoWo91,2019-05-26 08:10,32,71,"Have you seen the Starlink satellites passing by? Check the timings for your location here: http://me.cmdr2.org/starlink/?fbclid=IwAR080BSabG5TXbLYwuBhBQ19PxB1Ew0TKstHVUmVvlm6jxwKh-6AeU8mhHU ‚Ä¶ #Starlink #SpaceX #elonmusk @elonmusk pic.twitter.com/XlZQbM7cB0",,@elonmusk,#Starlink #SpaceX #elonmusk,"1132665325806391297",https://twitter.com/MoWo91/status/1132665325806391297
"Jimmy Carter",kg4sgp,2019-05-25 20:27,8,23,"The #spacex #starlink pass tonight above Cleveland. When almost directly overhead they tended to flare for a second or two. pic.twitter.com/86IJhJw0rp",,,#spacex #starlink,"1132488391000514560",https://twitter.com/kg4sgp/status/1132488391000514560
"Shane Gorrell",gorrell_shane,2019-05-25 20:25,0,2,"@elonmusk The future of #SpaceX pic.twitter.com/rS3gEreVIn",,@elonmusk,#SpaceX,"1132487806650003456",https://twitter.com/gorrell_shane/status/1132487806650003456
"Dan James",danjames71,2019-05-25 05:24,1,3,"This Is What #SpaceX 's Starlink Satellites Look Like in the Night Sky https://www.space.com/spacex-starlink-satellites-spotted-night-sky-video.html ‚Ä¶ #space pic.twitter.com/4xeexNpHHq",,,#SpaceX #space,"1132261245938089984",https://twitter.com/danjames71/status/1132261245938089984
"John Neil",notjohnneil,2019-05-24 18:19,1,10,"I can actually see our lord and savior @elonmusk do this in a meeting #ElonMusk #TeslaMotors #SpaceX pic.twitter.com/1kb0wrdsUC",,@elonmusk,#ElonMusk #TeslaMotors #SpaceX,"1132093787696537601",https://twitter.com/notjohnneil/status/1132093787696537601
"Tom Oude Luttikhuis",Devian83,2019-05-24 16:21,2,10,"@elonmusk are these in the sky yours? #Starlink #spacex @SpaceX pic.twitter.com/QHN7FjE1Qs",,@elonmusk @SpaceX,#Starlink #spacex,"1132064139487129602",https://twitter.com/Devian83/status/1132064139487129602
"SPadre",SpacePadreIsle,2019-05-24 14:21,7,83,"Raptorless Starhopper appears to be taking the holiday weekend off, expect the May 28 test window to be pushed back. Have a great weekend with your fam and friends! Watch the first historic flight of #Starhopper on Starship Cam soon! https://www.youtube.com/watch?v=Nx2aTi2HBRU ‚Ä¶ #SpaceX #BocaChica pic.twitter.com/VEv19Owfx4",,,#Starhopper #SpaceX #BocaChica,"1132033866510807042",https://twitter.com/SpacePadreIsle/status/1132033866510807042
"Emad Gamal Kamel",EmadGKamel,2019-05-24 13:42,1,2,"Hey guys, is that you? @SpaceX #SpaceX #Starlink pic.twitter.com/xvwXivOEMn",,@SpaceX,#SpaceX #Starlink,"1132024011641303040",https://twitter.com/EmadGKamel/status/1132024011641303040
"David Icke",davidicke,2019-05-24 12:01,33,64,"#SpaceX puts up 60 internet satellites http://ow.ly/OWze30oOCLi pic.twitter.com/PsgKmkYABq",,,#SpaceX,"1131998636957675520",https://twitter.com/davidicke/status/1131998636957675520
"Supercluster",SuperclusterHQ,2019-05-24 09:40,8,79,".. @elonmusk, hows it going? Those Merlin engines are fantastic -Tony Stark (RIP) Last night, these 9 #SpaceX Merlin engines lifted the Falcon 9 off Pad 40 for its #Starlink delivery pic.twitter.com/GbbENHSVaB",,@elonmusk,#SpaceX #Starlink,"1131963166899019777",https://twitter.com/SuperclusterHQ/status/1131963166899019777
"Danielmania",_danonymous,2019-05-23 19:34,0,4,"#SpaceX from the west coast of FL pic.twitter.com/sLE027usmr",,,#SpaceX,"1131750213503389696",https://twitter.com/_danonymous/status/1131750213503389696
"SPadre",SpacePadreIsle,2019-05-23 06:54,12,168,"Good Boy still looking for a Raptor on this Thursday morning adventure. Don‚Äôt forget to visit SPadre YouTube Channel tomorrow at 7am CDT for Sunrise with StarHopper livestream! #StarHopper #Starship #SpaceX #BocaChica pic.twitter.com/WE50WcVLAx",,,#StarHopper #Starship #SpaceX #BocaChica,"1131558909515390978",https://twitter.com/SpacePadreIsle/status/1131558909515390978
"Chris G - NSF",ChrisG_NSF,2019-05-22 14:46,28,106,"L-1day launch weather forecast. Holding at 90% GO chance for ground wx conditions tomorrow night. Upper Level Wind prediction has calmed down even more. Launch is set for a 90-minute window that opens at 22:30 EDT (0230 UTC) tomorrow night. #SpaceX #Starlink #Falcon9 pic.twitter.com/SzSMzWDcaQ",,,#SpaceX #Starlink #Falcon9,"1131315500162719746",https://twitter.com/ChrisG_NSF/status/1131315500162719746
"Austin BarnardüöÄ",austinbarnard45,2019-05-21 10:04,20,166,"I absolutely cant wait till the day, #StarShip is standing strong and tall on the pad. Just thinking about it gives me goosebumps, the future is gonna be amazing. I can never ever fully explain how grateful I am, #SpaceX and Elon are gonna change the Credit:Panagio35127568 pic.twitter.com/kOxMDqfocS",,,#StarShip #SpaceX,"1130882150574768128",https://twitter.com/austinbarnard45/status/1130882150574768128
"Planetary Society",exploreplanets,2019-05-21 09:35,28,132,"ICYMI: LightSail 2 is set to launch next month aboard a #SpaceX Falcon Heavy! Our citizen-funded solar sail is officially scheduled to lift off on 22 June 2019: http://planetary.org/blogs/jason-davis/lightsail-2-set-to-launch.html ‚Ä¶ pic.twitter.com/lC1MJoeh3C",,,#SpaceX,"1130874689625051136",https://twitter.com/exploreplanets/status/1130874689625051136
"Barnacules Nerdgasm",Barnacules,2019-05-20 21:51,39,205,"Who else is excited for global wireless high speed internet access via low Earth orbit satellites? Finally, real competition that can‚Äôt be blocked by stupid city contracts keeping @Comcast and others like them from being monopolies! #Future #SpaceX #Teslahttps://www.businessinsider.com/spacex-starlink-satellite-internet-service-when-available-date-2019-5 ‚Ä¶",,@Comcast,#Future #SpaceX #Teslahttps,"1130697583762919429",https://twitter.com/Barnacules/status/1130697583762919429
"/r/SpaceX Masterrace",SpaceXMR,2019-05-26 14:48,1,1,"SpaceX on trending?! It‚Äôs not even a Falcon Heavy launch! #SpaceX https://www.reddit.com/r/SpaceXMasterrace/comments/btdgwf/spacex_on_trending_its_not_even_a_falcon_heavy/?utm_source=ifttt ‚Ä¶ pic.twitter.com/uSOrqH0uOQ",,,#SpaceX,"1132765420094668801",https://twitter.com/SpaceXMR/status/1132765420094668801
"Mike Wagner",USLaunchReport,2019-05-26 08:13,6,46,"#Starlink #SpaceX #Fairings We just filmed the second ever recovered fairings that traveled 111 miles into space. pic.twitter.com/mNHAPdLHnl",,,#Starlink #SpaceX #Fairings,"1132665994739105797",https://twitter.com/USLaunchReport/status/1132665994739105797
"Chao Zhou",realChaoZhou,2019-05-26 05:29,4,47,"Fast walking around Tesla gigafactory 3. $ tsla #Tesla #ElonMusk #SpaceX #GF3 pic.twitter.com/DRQqEkTq3N",,,#Tesla #ElonMusk #SpaceX #GF3,"1132624758988627968",https://twitter.com/realChaoZhou/status/1132624758988627968
"TECHRABIES",techrabies,2019-05-26 02:34,0,2,"SpaceX Just Launched The First Part Of Its Satellite Internet Network #SpaceX #ElonMusk https://techrabies.com/spacex-just-launched-the-first-part-of-its-satellite-internet-network/ ‚Ä¶ pic.twitter.com/P8bPlqduRl",,,#SpaceX #ElonMusk,"1132580823134158848",https://twitter.com/techrabies/status/1132580823134158848
"TickTalkToMusk",TickTalkToMusk,2019-05-25 23:46,0,1,"Mighty oaks from tiny acorns grow. #SpaceX pic.twitter.com/HAXP325GX2",,,#SpaceX,"1132538394716844032",https://twitter.com/TickTalkToMusk/status/1132538394716844032
"Bob Montanaro",lunarcabin,2019-05-25 19:38,1,4,"#SpaceX Falcon 9 launches 60 #Starlink satellites at 10:30PM from Cape Canaveral Air Force Station on 23 May 2019. pic.twitter.com/63zcL4a4Qc",,,#SpaceX #Starlink,"1132476076683407360",https://twitter.com/lunarcabin/status/1132476076683407360
"Kam√©sh Vs",kameshvs,2019-05-25 07:10,5,9,"Get ready folks #Starlink #Chennai #SpaceX in few minutes pic.twitter.com/bUpleK3rxp",,,#Starlink #Chennai #SpaceX,"1132287929479442432",https://twitter.com/kameshvs/status/1132287929479442432
"G",Gekreg,2019-05-25 05:35,0,2,"Had me worried last night elon @elonmusk #spacex spotted from uk pic.twitter.com/OMFPrivHXk",,@elonmusk,#spacex,"1132263863892811778",https://twitter.com/Gekreg/status/1132263863892811778
"B",ProdbyLekture,2019-05-25 00:16,1,4,"Found this interesting... What @SpaceX Starlink satellites look like from earth after being deployed @elonmusk #SpaceX pic.twitter.com/DoRhRQXvOU",,@SpaceX @elonmusk,#SpaceX,"1132183665016942593",https://twitter.com/ProdbyLekture/status/1132183665016942593
"Steven Keagle",SomeguySteve321,2019-05-23 20:39,29,102,"Tonights SpaceX Falcon 9 launch with 60 Starlink communications satellites. Was clear night for an awesome view out in Titusville. I love taking these night shots. #SpaceX #Starlink pic.twitter.com/XlwnMzxWje",,,#SpaceX #Starlink,"1131766527605264385",https://twitter.com/SomeguySteve321/status/1131766527605264385
"üëΩ Chilly Down, Space Pirate üíÖ",Pteropus32,2019-05-23 19:42,0,10,"Me and the dogs, out in the yard, watching the #SpaceX launch. pic.twitter.com/bKJuED0OZ9",,,#SpaceX,"1131752209157378048",https://twitter.com/Pteropus32/status/1131752209157378048
"Ficola Nurphy",Poppets16,2019-05-23 19:36,0,5,"Spot the rocket! #SpaceX #orlando pic.twitter.com/rhYKRTyCUq",,,#SpaceX #orlando,"1131750713497931776",https://twitter.com/Poppets16/status/1131750713497931776
"K. Scott Piel",spiel2001,2019-05-23 17:06,2,23,"Looking very much forward to tonight's third attempt at launching the #SpaceX #Starlink - it's going to be an incredible launch. Heaviest F9 payload to date, third flight for the first stage, a 60 satellite deployment to behold, and the dawn of a new internet service. All win! pic.twitter.com/kvu8oHIzNP",,,#SpaceX #Starlink,"1131713019183075328",https://twitter.com/spiel2001/status/1131713019183075328
"üì∏Trevor Mahlmann",TrevorMahlmann,2019-05-23 14:53,5,200,"Hey @Erdayastronaut, can we get a pointy-end-up flamey-end-down check, please? #starlink #spacex pic.twitter.com/wjuwDOPvTo",,@Erdayastronaut,#starlink #spacex,"1131679555008258052",https://twitter.com/TrevorMahlmann/status/1131679555008258052
"Endatrade",endatrade,2019-05-22 05:09,0,3,"SpaceX postpones Starlink satellite launch again, for 'about a week' #SpaceX #TechNews https://www.endatrade.com/spacex-postpones-starlink-satellite-launch-again-for-about-a-week/ ‚Ä¶ pic.twitter.com/E9VxgJETAk",,,#SpaceX #TechNews,"1131170331262181376",https://twitter.com/endatrade/status/1131170331262181376
"SPadre",SpacePadreIsle,2019-05-22 04:22,14,181,"No Raptors this morning, security says there‚Äôs trucks coming but didn‚Äôt know when or what‚Äôs on board. Streaming shortly from launch pad, grab a cup and join the chat! #SunrisewithStarhopper #SpaceX #Starhopper pic.twitter.com/phqvRRlvMP",,,#SunrisewithStarhopper #SpaceX #Starhopper,"1131158405912178689",https://twitter.com/SpacePadreIsle/status/1131158405912178689
"Jen Street",jenstreet,2019-05-20 21:21,18,64,"Got the Mars scene done. One more scene and I should be done! Figured I‚Äôd share in case the rolling through Texas takes us out tonight. @elonmusk @Tesla @SpaceX #Tesla #ElonMusk #Roadster #8BitArt #PixelArt #Mars #starman #SpaceX #Mars pic.twitter.com/Hel84i2Mxe",,@elonmusk @Tesla @SpaceX,#Tesla #ElonMusk #Roadster #8BitArt #PixelArt #Mars #starman #SpaceX #Mars,"1130689937584590848",https://twitter.com/jenstreet/status/1130689937584590848
"Austin BarnardüöÄ",austinbarnard45,2019-05-20 13:51,107,679,"The Crews at #SpaceX were hard at work today, attaching the nose cone. To the lower section of the fairing,(I can already imagine #StarShip standing vertical ready to depart for mars). #Starhopper waiting to reintegrated with the raptor engine, for the coming hop tests pic.twitter.com/Y2u4DVDBZ8 ‚Äì at Spacex South Texas Launch Site",,,#SpaceX #StarShip #Starhopper,"1130576691124944898",https://twitter.com/austinbarnard45/status/1130576691124944898
"Andrew",Andrewhoonigan,2019-05-20 12:58,2,23,"East coast #STARSHIP #spacex update much taller now! There hauling but! @Erdayastronaut @elonmusk @julia_bergeron @johnkrausphotos @Teslarati pic.twitter.com/zimh8V0xt0",,@Erdayastronaut @elonmusk @julia_bergeron @johnkrausphotos @Teslarati,#STARSHIP #spacex,"1130563457991041025",https://twitter.com/Andrewhoonigan/status/1130563457991041025
"Roger Holt",RogerLewisHolt,2019-05-20 11:43,21,62,"The people look so small! #SpaceX CreditMraia Pointer pic.twitter.com/euu53Tjdra",,,#SpaceX,"1130544491910369282",https://twitter.com/RogerLewisHolt/status/1130544491910369282
"Harrison",ThatRocketLad,2019-05-25 16:13,1,4,"SpaceX‚Äôs starlink pic.twitter.com/MctCWeMr4K #spacex #starlink #elonmusk",,,#spacex #starlink #elonmusk,"1132424457174302722",https://twitter.com/ThatRocketLad/status/1132424457174302722
"Starlink",Starlnk,2019-05-25 15:04,0,1,"@SpaceX #Starlink satellites spotted over Netherlands. #spacex pic.twitter.com/712O2E9LBv",,@SpaceX,#Starlink #spacex,"1132406992197365760",https://twitter.com/Starlnk/status/1132406992197365760
"Lakeside General",LakesideGeneral,2019-05-25 06:55,1,3,"Get ready for some new constellations! #spaceX #starlink https://www.space.com/spacex-starlink-satellites-spotted-night-sky-video.html ‚Ä¶ pic.twitter.com/CIt4i4WoDp",,,#spaceX #starlink,"1132283956097888256",https://twitter.com/LakesideGeneral/status/1132283956097888256
"Ben Stone",bigtallandbeard,2019-05-24 18:11,0,6,"When it's launch time #SpaceX pic.twitter.com/fgRrkWYdTl",,,#SpaceX,"1132091681916956672",https://twitter.com/bigtallandbeard/status/1132091681916956672
"southisland",hoteloscarzulu,2019-05-24 17:54,0,5,"The new #CRS17 official #spacex mission photos are awesome https://www.flickr.com/photos/spacex/32829382467/in/photostream/ ‚Ä¶ pic.twitter.com/oH8fShw0qJ",,,#CRS17 #spacex,"1132087511444889600",https://twitter.com/hoteloscarzulu/status/1132087511444889600
"Gethic Inc.",gethicinc,2019-05-24 17:02,4,7,"SpaceX launches first Starlink satellites; via @NBCNews #tech #spacex #Starlink pic.twitter.com/WkgaFn9DnV",,@NBCNews,#tech #spacex #Starlink,"1132074409450246144",https://twitter.com/gethicinc/status/1132074409450246144
"RT",RT_com,2019-05-24 14:00,31,55,"#SpaceX Internet! Falcon 9 with 60 satellites on board blasts off from Cape Canaveral DETAILS: https://youtu.be/3S_B0kM8FYY pic.twitter.com/wa1L7Sferw",,,#SpaceX,"1132028499970015232",https://twitter.com/RT_com/status/1132028499970015232
"Michele Battista",Michele010314,2019-05-23 20:33,3,4,"#SpaceX #starlink launch as seen from my balcony pic.twitter.com/0e23dpJiCw",,,#SpaceX #starlink,"1131765129442484225",https://twitter.com/Michele010314/status/1131765129442484225
"Nancy Wright",nksw97,2019-05-23 19:56,5,12,"Falcon 9 launch! Amazing #SpaceX pic.twitter.com/rbTgHXdrJo",,,#SpaceX,"1131755823728873472",https://twitter.com/nksw97/status/1131755823728873472
"Justin Davenport",Bubbinski,2019-05-23 19:39,2,4,"First stage landed! #SpaceX #Falcon9 pic.twitter.com/WZ8UeJH6M2",,,#SpaceX #Falcon9,"1131751581349687296",https://twitter.com/Bubbinski/status/1131751581349687296
"Michael Baylor",nextspaceflight,2019-05-23 19:31,14,37,"LAUNCH!!! Falcon 9 lifts off from SLC-40 at Cape Canaveral with #Starlink ‚Äì the first dedicated mission for #SpaceX‚Äôs planned high-speed internet constellation. With 60 satellites weighing approximately 227 kilograms each ‚Äì it is the launch providers heaviest payload to date. pic.twitter.com/l2VZ5cOt84",,,#Starlink #SpaceX,"1131749483287535616",https://twitter.com/nextspaceflight/status/1131749483287535616
"Kennedy Space Center Visitor Complex",ExploreSpaceKSC,2019-05-23 18:26,11,78,"We are set up here at the LC-39 Observation Gantry for launch. Where are you watching from? #SpaceX #Falcon9 #Starlink pic.twitter.com/N4hRCSffAS ‚Äì at Launch Pad 39 Observation Gantry",,,#SpaceX #Falcon9 #Starlink,"1131733165549211648",https://twitter.com/ExploreSpaceKSC/status/1131733165549211648
"Ryan Chylinski",timelapsejunkie,2019-05-23 15:08,7,79,"Highspeed and 360 cams in place for tonight's #spaceX #starlink launch. Also some fun tests with diffraction. It's gonna be pretty bright about 10:30PM EST. @ChronosCameras @insta360 @SonyAlpha @considercosmos : @johnkrausphotos pic.twitter.com/3q68Vlqx7J",,@ChronosCameras @insta360 @SonyAlpha @considercosmos @johnkrausphotos,#spaceX #starlink,"1131683406209781760",https://twitter.com/timelapsejunkie/status/1131683406209781760
"Pauline Acalin",w00ki33,2019-05-23 07:33,55,300,"Tonight‚Äôs scheduled Starlink v0.9 launch will be the third time SpaceX uses a F9 booster 3 times. This was B1049‚Äôs last recovery back in January, following the Iridium-8 mission. (humans for scale) #spacex #b1049 #falcon9 #starlink #iridium8 pic.twitter.com/IeoBeoW61x",,,#spacex #b1049 #falcon9 #starlink #iridium8,"1131568864498610179",https://twitter.com/w00ki33/status/1131568864498610179
"Biniam YIBALEH Biniam ·â¢·äï·ã´·àù: ·ã≠·â£·àç·àÖ",Biniam_BinIAM_,2019-05-21 17:24,3,8,"#Astronauts Commander Thomas P. Stafford, Command Module Pilot (CMP) John W. Young, and Lunar Module Pilot (LMP) Eugene A. Cernan were aboard the lunar module (LM) that day. #Apollo10 #SpaceX #Space_station #BinIAM #·â¢·äï·ã´·àù #NASA pic.twitter.com/9453mFnZNI",,,#Astronauts #Apollo10 #SpaceX #Space_station #BinIAM #·â¢·äï·ã´·àù #NASA,"1130992728895102976",https://twitter.com/Biniam_BinIAM_/status/1130992728895102976
"Shock Cube",ShockCube,2019-05-21 15:05,5,7,"SpaceX Falcon 9 launch over downtown LA Credit: RumbleTiltFin #spacex #nasa #falcon9 #elonmusk #rocket #downtown #la #hollywood #cali #dtla #space #nasa #galaxy #astronomy #universe #cosmos #stars #astrophotography #milkyway #science #astronaut #nightsky #moon #planet pic.twitter.com/ZU0yZ4VIrN",,,#spacex #nasa #falcon9 #elonmusk #rocket #downtown #la #hollywood #cali #dtla #space #nasa #galaxy #astronomy #universe #cosmos #stars #astrophotography #milkyway #science #astronaut #nightsky #moon #planet,"1130957730661982209",https://twitter.com/ShockCube/status/1130957730661982209
"SPadre",SpacePadreIsle,2019-05-20 11:59,10,82,"Anticipation is building for the May 28 test window opening for #SpaceX #Starhopper first historic untethered flight! Join in on the live chat and live stream 7-8am every morning this week and through the test window live at the launch pad! #SunrisewithStarhopper pic.twitter.com/HKXvhsF0qM",,,#SpaceX #Starhopper #SunrisewithStarhopper,"1130548594526818304",https://twitter.com/SpacePadreIsle/status/1130548594526818304
"Roger Holt",RogerLewisHolt,2019-05-20 11:27,13,83,"Cant wait to see SpaceX add the fins to the nose section. #SpaceX CreditMraia Pointer pic.twitter.com/Als6tfI8hU",,,#SpaceX,"1130540639416868865",https://twitter.com/RogerLewisHolt/status/1130540639416868865
"Roger Holt",RogerLewisHolt,2019-05-20 11:24,8,35,"Top section going on! #SpaceX CreditMraia Pointer pic.twitter.com/X4kFvjgLPA",,,#SpaceX,"1130539765722505216",https://twitter.com/RogerLewisHolt/status/1130539765722505216
"Tom Wilding üõ∞--üåç--üì±",neucoTom,2019-05-20 09:17,0,3,"SpaceX Delays Starlink Launch a 2nd Time #neuco #SpaceX https://buff.ly/2HsMAtt pic.twitter.com/aBHbY0USWP",,,#neuco #SpaceX,"1130507732614864896",https://twitter.com/neucoTom/status/1130507732614864896
"/r/SpaceX Masterrace",SpaceXMR,2019-05-24 16:43,0,2,"hey, wait a sec #SpaceX https://www.reddit.com/r/SpaceXMasterrace/comments/bsmw6o/hey_wait_a_sec/?utm_source=ifttt ‚Ä¶ pic.twitter.com/h8jbjKDpp9",,,#SpaceX,"1132069643617751040",https://twitter.com/SpaceXMR/status/1132069643617751040
"Erik Kuna üöÄ",erikkuna,2019-05-24 15:00,26,182,"Ever wonder what it would look like to watch a #SpaceX #Falcon9 liftoff through a Kaleidoscope, I did... photo and animation credit: @erikkuna for @superclusterhq - follow @superclusterhq for awesome stories about space #spaceisforeveryone pic.twitter.com/RVNRl8mwTg",,@erikkuna @superclusterhq @superclusterhq,#SpaceX #Falcon9 #spaceisforeveryone,"1132043762572636161",https://twitter.com/erikkuna/status/1132043762572636161
"Marcus Cote",marcuscotephoto,2019-05-24 06:24,22,171,"Through the lightning tower-- #Falcon9 lifts from SLC-40 for the third time last night and successfully lands aboard SpaceX's droneship #OCISLY. Here's a photo from our sound-activated camera placed at the launch pad. ( @marcuscotephoto / Space Coast Times) #Starlink #SpaceX pic.twitter.com/6dRxMPA7Ud",,@marcuscotephoto,#Falcon9 #OCISLY #Starlink #SpaceX,"1131913831440146434",https://twitter.com/marcuscotephoto/status/1131913831440146434
"Friends of WikiLeaks",FoWLChi,2019-05-23 22:45,1,1,"Jesus Christ: we caught this interesting anomaly on the latest #SpaceX launch and only *one person* on the planet is even acknowledging it! C'est la vie! pic.twitter.com/3VivSHcGj8",,,#SpaceX,"1131798287290384384",https://twitter.com/FoWLChi/status/1131798287290384384
"C:\Users\Gallo",BitterMercy,2019-05-23 20:43,1,10,"Once again, #SpaceX comes through with the gratuitously gorgeous shots of earth during their webcast. I mean, c'mon. pic.twitter.com/QDf1KJsAOt",,,#SpaceX,"1131767751851200513",https://twitter.com/BitterMercy/status/1131767751851200513
"Amazing Space",AmazingSpace2,2019-05-23 20:37,7,33,"#SpaceX #Starlink satellite deployment pic.twitter.com/QIpjiKFps0",,,#SpaceX #Starlink,"1131766238806519808",https://twitter.com/AmazingSpace2/status/1131766238806519808
"Trace",luvinthegame,2019-05-23 20:30,1,3,"First 60 #Starlink #SpaceX pic.twitter.com/ZVuN71KPww",,,#Starlink #SpaceX,"1131764346869231618",https://twitter.com/luvinthegame/status/1131764346869231618
"Falcon 9 Block 5",Falcon9Block5,2019-05-23 20:14,0,1,"Coming up on Second engine startup #SpaceX pic.twitter.com/itl2ylb9Oa",,,#SpaceX,"1131760294340861957",https://twitter.com/Falcon9Block5/status/1131760294340861957
"Just A. Tinker",John_Gardi,2019-05-23 20:13,14,16,"#SpaceX fans Here's a sequence of #Starlink's solar panel deployment. pic.twitter.com/EcB4WpJLMc",,,#SpaceX #Starlink,"1131760044415037443",https://twitter.com/John_Gardi/status/1131760044415037443
"Falcon 9 Block 5",Falcon9Block5,2019-05-23 19:55,1,7,"HELLO @3rdFromOurStar !!!!!!!!!!!!!!!!! #Starlink #SpaceX pic.twitter.com/JHbYKxYMxO",,@3rdFromOurStar,#Starlink #SpaceX,"1131755574599737344",https://twitter.com/Falcon9Block5/status/1131755574599737344
"Trace",luvinthegame,2019-05-23 19:54,0,8,"That feeling when F9 leaps off the pad (heaviest payload ever) and does what it's supposed to do. Go #Starlink #SpaceX pic.twitter.com/h9GzUlvP1r",,,#Starlink #SpaceX,"1131755211645702145",https://twitter.com/luvinthegame/status/1131755211645702145
"Eric Szczesniak",EricSzczesniak,2019-05-23 19:32,1,2,"Liftoff for Falcon 9! Bringing 60 #Starlink satellites to orbit! #SpaceX pic.twitter.com/Hpe3hJocba",,,#Starlink #SpaceX,"1131749668780687361",https://twitter.com/EricSzczesniak/status/1131749668780687361
"Chris Fought",cfought,2019-05-23 19:27,1,3,"I think I'm living in the future. I'm watching in my kitchen, on my voice activated video display, the launch of a new satellite internet service on a rocket that lands itself back on a ship. #Google #SpaceX #Futuretech pic.twitter.com/atnTLqbuet",,,#Google #SpaceX #Futuretech,"1131748512171868160",https://twitter.com/cfought/status/1131748512171868160
"Kennedy Space Center Visitor Complex",ExploreSpaceKSC,2019-05-23 17:55,33,114,"Less than two hours until launch! Weather remains 90% go for the attempt. #SpaceX #Falcon9 #Starlink pic.twitter.com/r6771RGQlR ‚Äì at Launch Pad 39 Observation Gantry",,,#SpaceX #Falcon9 #Starlink,"1131725288130392064",https://twitter.com/ExploreSpaceKSC/status/1131725288130392064
"Erik Kuna üöÄ",erikkuna,2019-05-23 17:22,8,67,"#mrsteven in @PortCanaveral tonight all netted up and ready for fairing catching! #SpaceX #fairingcatcher pic.twitter.com/ujSZ4jJhlr ‚Äì at Junkanoo Island Kitchen And Rum Bar",,@PortCanaveral,#mrsteven #SpaceX #fairingcatcher,"1131717086932295682",https://twitter.com/erikkuna/status/1131717086932295682
"Biniam YIBALEH Biniam ·â¢·äï·ã´·àù: ·ã≠·â£·àç·àÖ",Biniam_BinIAM_,2019-05-22 20:48,4,6,"#TheVIEW : Pictures of the #Earth as seen from space. #world #Real #climatechange #ClimateStrike #FREAKZONE #FakeNews #RealNews #FridaysForFurture #BinIAM #Earthquake #3Danimation #·â¢·äï·ã´·àù #SpaceX #Space_Station #mars #spacemission #·ä¢·âµ·ã©·åµ·ã´ #·ä†·çç·à™·ä´ pic.twitter.com/RO8tuRZA9F",,,#TheVIEW #Earth #world #Real #climatechange #ClimateStrike #FREAKZONE #FakeNews #RealNews #FridaysForFurture #BinIAM #Earthquake #3Danimation #·â¢·äï·ã´·àù #SpaceX #Space_Station #mars #spacemission #·ä¢·âµ·ã©·åµ·ã´ #·ä†·çç·à™·ä´,"1131406617415684097",https://twitter.com/Biniam_BinIAM_/status/1131406617415684097
"/r/SpaceX Masterrace",SpaceXMR,2019-05-21 22:02,1,2,"We‚Äôre gonna need just a little bit longer #SpaceX https://www.reddit.com/r/SpaceXMasterrace/comments/brkggp/were_gonna_need_just_a_little_bit_longer/?utm_source=ifttt ‚Ä¶ pic.twitter.com/dmR0hltSyq",,,#SpaceX,"1131062737524666370",https://twitter.com/SpaceXMR/status/1131062737524666370
"Michael Baylor",nextspaceflight,2019-05-21 10:41,118,555,"#SpaceX FCC filing for Starhopper communications The vehicle will fly vertically from the ground to under 500 meters for its low-altitude tests and up to 5000 m for its high altitude tests. https://forum.nasaspaceflight.com/index.php?topic=45440.msg1948486#msg1948486 ‚Ä¶",,,#SpaceX #msg1948486,"1130891332287811584",https://twitter.com/nextspaceflight/status/1130891332287811584
"Mioggi",MioggiClub,2019-05-21 01:42,4,7,"OC Ira just finished my first draft for this character. #art #originalcharacter #AnimeCentral #mangadrawing #illustrations #Blondie #SpaceX pic.twitter.com/cl9hAJsuTX",,,#art #originalcharacter #AnimeCentral #mangadrawing #illustrations #Blondie #SpaceX,"1130755782549676032",https://twitter.com/MioggiClub/status/1130755782549676032
"Dana",q_danax,2019-05-23 20:35,0,2,"Successful deployment #starlink #SpaceX pic.twitter.com/S0GsEKlOWF",,,#starlink #SpaceX,"1131765599007399937",https://twitter.com/q_danax/status/1131765599007399937
"Supercluster",SuperclusterHQ,2019-05-23 20:31,12,60,"Congrats to #SpaceX on the launch of the first 60 #Starlink broadband satellites Liftoff occurred at 10:30 PM Eastern from Pad 40 at Cape Canaveral Recovery was achieved via the 'Of Course I Still Love You' droneship parked at sea pic.twitter.com/oGUVQfytto",,,#SpaceX #Starlink,"1131764663648182273",https://twitter.com/SuperclusterHQ/status/1131764663648182273
"Falcon 9 Block 5",Falcon9Block5,2019-05-23 20:19,1,6,"Hi @3rdFromOurStar ! Ready to watch 60 sats enter ur orbit?? #Starlink #SpaceX pic.twitter.com/kN48vrTqMA",,@3rdFromOurStar,#Starlink #SpaceX,"1131761643539423232",https://twitter.com/Falcon9Block5/status/1131761643539423232
"Rachel Gray",ImmortalxKiss,2019-05-23 20:00,0,7,"Shitty picture but how amazing is it that I can see this fly across the sky from my backyard? #SpaceX pic.twitter.com/doybEq8Pnc",,,#SpaceX,"1131756822099058688",https://twitter.com/ImmortalxKiss/status/1131756822099058688
"Live a Memory",LiveaMemory,2019-05-23 19:59,3,26,"Q: What Does This Dad Do On a #ThursdayNight? A: Watch a #Rocket Launch With My Kids of Course! Something I Am Proud of Is Introducing My Kids to Things Like #Science, #Travel, & #Adventure! What Activities Do You Enjoy With Your Kids? #Family #SpaceX #NASA #Florida #SpaceCoast pic.twitter.com/WBwrXofqhN",,,#ThursdayNight #Rocket #Science #Travel #Adventure #Family #SpaceX #NASA #Florida #SpaceCoast,"1131756543035269120",https://twitter.com/LiveaMemory/status/1131756543035269120
"Jake Lurie",jakeelurie,2019-05-23 19:56,0,4,"Does anybody know what trelimentry is? LMAO #spacex #dad pic.twitter.com/myvD7pSotK",,,#spacex #dad,"1131755788635131904",https://twitter.com/jakeelurie/status/1131755788635131904
"Jason Montgomery",CoachMontgomery,2019-05-23 19:53,0,4,"If you launch it they will come... #SpaceX #Starlink pic.twitter.com/ZwkDFjnR5X",,,#SpaceX #Starlink,"1131754947635228672",https://twitter.com/CoachMontgomery/status/1131754947635228672
"Eric Szczesniak",EricSzczesniak,2019-05-23 19:41,1,1,"First stage of Falcon 9 has landed on the droneship Of Course I Still Love You! #Starlink #SpaceX pic.twitter.com/InkkBHf0gW",,,#Starlink #SpaceX,"1131751994052534272",https://twitter.com/EricSzczesniak/status/1131751994052534272
"Justin Davenport",Bubbinski,2019-05-23 19:26,0,6,"T-3:30 and counting #Starlink #SpaceX pic.twitter.com/QxPB7oZBPN",,,#Starlink #SpaceX,"1131748389777858561",https://twitter.com/Bubbinski/status/1131748389777858561
"Antonia Jaramillo",AntoniaJ_11,2019-05-23 19:02,1,12,"T-minus 30 minutes for #SpaceX #Falcon9 launch of 60 #Starlink satellites and look, @cbphoto1 and I are matching again! pic.twitter.com/9CfOb2WgqH ‚Äì at ITL causeway",,@cbphoto1,#SpaceX #Falcon9 #Starlink,"1131742298348433409",https://twitter.com/AntoniaJ_11/status/1131742298348433409
"Thomas Burghardt",TGMetsFan98,2019-05-23 18:18,6,24,"Another launch attempt for #SpaceX #Starlink tonight. Webcast: https://www.youtube.com/watch?v=AfbIMknNWks ‚Ä¶ pic.twitter.com/5udfRiQGQR",,,#SpaceX #Starlink,"1131731209611075590",https://twitter.com/TGMetsFan98/status/1131731209611075590
"Tom McCool",Cygnusx112,2019-05-23 16:51,1,21,"Quick report from the #SpaceCoast ahead of tonight‚Äôs #SpaceX launch at 10:30 pm EDT. pic.twitter.com/CGnBJeAXc3",,,#SpaceCoast #SpaceX,"1131709219881836544",https://twitter.com/Cygnusx112/status/1131709219881836544
"Thomas Burghardt",TGMetsFan98,2019-05-23 08:15,7,16,"Mission timeline for tonight‚Äôs #Starlink launch. #SpaceX #Falcon9 pic.twitter.com/R4TkhiZE80",,,#Starlink #SpaceX #Falcon9,"1131579322559541248",https://twitter.com/TGMetsFan98/status/1131579322559541248
"Falcon 9 Block 5",Falcon9Block5,2019-05-22 16:07,0,2,"Weather forecast for tomorrow! 90% chance of launch tomorrow! #Starlink #SpaceX pic.twitter.com/aqWsj9Wlwb",,,#Starlink #SpaceX,"1131335760127201280",https://twitter.com/Falcon9Block5/status/1131335760127201280
"Steven Keagle",SomeguySteve321,2019-05-22 15:45,2,13,"Took a trip by the #STARSHIP site in Cocoa Fl today. Looks like it‚Äôs getting bigger from week ago. #SpaceX pic.twitter.com/Q1tAf7qsnF",,,#STARSHIP #SpaceX,"1131330353992544256",https://twitter.com/SomeguySteve321/status/1131330353992544256
"SPadre",SpacePadreIsle,2019-05-22 12:25,16,144,"Local tip - if you are coming to watch a #Starhopper launch, this is the best and closest spot, the sand dunes at Isla Blanca Beach Park, a short walk from the hotels. You can see the new launch viewing amphitheater to the right. It‚Äôs almost time!! #Spacex pic.twitter.com/qIcTHSHzyy",,,#Starhopper #Spacex,"1131279845709811720",https://twitter.com/SpacePadreIsle/status/1131279845709811720
"/r/SpaceX Masterrace",SpaceXMR,2019-05-20 13:26,5,86,"Mr. Steven is back! #SpaceX https://www.reddit.com/r/SpaceXMasterrace/comments/bqzct4/mr_steven_is_back/?utm_source=ifttt ‚Ä¶ pic.twitter.com/ezA95iNNCm",,,#SpaceX,"1130570491171934208",https://twitter.com/SpaceXMR/status/1130570491171934208
"Fahad Ibne Adam",echoZIDANE,2019-05-20 05:30,1,2,"spacex falcon 9 launch. unreal flares. @elonmusk @SpaceX #SpaceX pic.twitter.com/6naoR0PxQ1",,@elonmusk @SpaceX,#SpaceX,"1130450833269776384",https://twitter.com/echoZIDANE/status/1130450833269776384
"SPadre",SpacePadreIsle,2019-05-20 04:32,18,199,"Raptor hunting this morning live at #SpaceX Boca Chica, grab some and join in on the live chat on SPadre YouTube. 8 days until launch window opens for #Starhopper first historic flight! pic.twitter.com/VCCB5Hpe4M",,,#SpaceX #Starhopper,"1130436174970007552",https://twitter.com/SpacePadreIsle/status/1130436174970007552
"I ‚ù§Ô∏è Space!!!",SpaceNerdUltra,2019-05-20 03:36,1,1,"I can‚Äôt wait for the next @SpaceX launch!!! #spacex #ElonMusk pic.twitter.com/lapxFxtsDz",,@SpaceX,#spacex #ElonMusk,"1130421979893252098",https://twitter.com/SpaceNerdUltra/status/1130421979893252098
"Alex Carter ‚úàÔ∏è",21ACarter,2019-05-23 19:50,0,3,"A #SpaceX #Falcon9 launches from Cape Canaveral for the Starlink mission. Picture was taken in Satellite Beach, Florida. pic.twitter.com/S4LBr0ctne",,,#SpaceX #Falcon9,"1131754394335305729",https://twitter.com/21ACarter/status/1131754394335305729
"Steven Trujillo",steventrujillo,2019-05-23 19:39,0,3,"Night Launch #SpaceX #Falcon9 #Starlink pic.twitter.com/eWsYn8W1Dd",,,#SpaceX #Falcon9 #Starlink,"1131751433433493504",https://twitter.com/steventrujillo/status/1131751433433493504
"Keith MansfieldüìöüöÄ‚ú®",KeithMansfield,2019-05-23 19:28,1,1,"Love a night launch. Here we go with #SpaceX. The deployment of the 60 #Starlink satellites is going to be awesome! pic.twitter.com/TT1lR3RvGG",,,#SpaceX #Starlink,"1131748858126622720",https://twitter.com/KeithMansfield/status/1131748858126622720
"Michael Baylor",nextspaceflight,2019-05-23 19:23,28,122,"Cool Starlink animation! Webcast presenter says that this system can provide internet to commercial aircraft. #SpaceX #Starlink #Falcon9 pic.twitter.com/8LUyY7tl92",,,#SpaceX #Starlink #Falcon9,"1131747426723778560",https://twitter.com/nextspaceflight/status/1131747426723778560
"Justin Davenport",Bubbinski,2019-05-23 19:20,0,1,"Looking good on Pad 40 #starlink #spacex pic.twitter.com/R37A1buyud",,,#starlink #spacex,"1131746813545836544",https://twitter.com/Bubbinski/status/1131746813545836544
"Chris G - NSF",ChrisG_NSF,2019-05-23 19:14,7,50,"Stage 2 LOX (Liquid Oxygen) loading has begun. #SpaceX #Starlink #Falcon9",,,#SpaceX #Starlink #Falcon9,"1131745197350621185",https://twitter.com/ChrisG_NSF/status/1131745197350621185
"Marcel Zak",mrlolek,2019-05-23 17:38,0,1,"Waiting in a queue for a rocket launch. #SpaceX #Falcon9 pic.twitter.com/s5tVFMmUso",,,#SpaceX #Falcon9,"1131720978046881792",https://twitter.com/mrlolek/status/1131720978046881792
"/r/SpaceX Masterrace",SpaceXMR,2019-05-23 08:29,1,3,"New Starship with 6 engines announced! #SpaceX https://www.reddit.com/r/SpaceXMasterrace/comments/bs3nwp/new_starship_with_6_engines_announced/?utm_source=ifttt ‚Ä¶ pic.twitter.com/54KqYil9RA",,,#SpaceX,"1131583034724102145",https://twitter.com/SpaceXMR/status/1131583034724102145
"Tom McCool",Cygnusx112,2019-05-23 04:03,1,25,"The #Sunrise over the ranch on LAUNCH DAY! The sky is supposed to be clear by the time the #SpaceX launch window opens at 10:30 pm EDT. pic.twitter.com/mXeQKrcbQN",,,#Sunrise #SpaceX,"1131515962346414080",https://twitter.com/Cygnusx112/status/1131515962346414080
"/r/SpaceX Masterrace",SpaceXMR,2019-05-23 00:48,0,1,"Elon must have been thinking, Don't say it... Don't say it... #SpaceX https://www.reddit.com/r/SpaceXMasterrace/comments/brzsw2/elon_must_have_been_thinking_dont_say_it_dont_say/?utm_source=ifttt ‚Ä¶ pic.twitter.com/d1zSFWOqjl",,,#SpaceX,"1131466867221106688",https://twitter.com/SpaceXMR/status/1131466867221106688
"Kawamimi",Kawamimi1,2019-05-22 18:48,0,0,"Finishing a school project on why we should invest in the Mars project! This is my final page! #ElonMusk #SpaceX pic.twitter.com/ENcaENFGGx",,,#ElonMusk #SpaceX,"1131376422092759042",https://twitter.com/Kawamimi1/status/1131376422092759042
"Zero Shorts LLC",zeroshorts,2019-05-22 17:25,2,5,"And #SpaceX has trouble raising capital due to huge cash burn and losses! https://www.google.ca/amp/s/www.wsj.com/amp/articles/spacex-launches-first-loan-1542748292 ‚Ä¶ pic.twitter.com/rl4s10Sjpr",,,#SpaceX,"1131355362697682944",https://twitter.com/zeroshorts/status/1131355362697682944
"Piraiee",piraiee,2019-05-22 16:05,1,7,"3 steps to make your content go viral 1. Be @elonmusk or @elonmusk 2. Find a random emoji eg. 3. Tweet #viral #contentmarketing #socialmediatips #ElonMusk #InfluencerMarketing #SpaceX #Tesla #TeslaModelS pic.twitter.com/mNqUr2MzQb",,@elonmusk @elonmusk,#viral #contentmarketing #socialmediatips #ElonMusk #InfluencerMarketing #SpaceX #Tesla #TeslaModelS,"1131335287177732096",https://twitter.com/piraiee/status/1131335287177732096
"/r/SpaceX Masterrace",SpaceXMR,2019-05-22 10:33,1,2,"The only way SLS will fly #SpaceX https://www.reddit.com/r/SpaceXMasterrace/comments/brri86/the_only_way_sls_will_fly/?utm_source=ifttt ‚Ä¶ pic.twitter.com/eFdhI3Qnhg",,,#SpaceX,"1131251777305808897",https://twitter.com/SpaceXMR/status/1131251777305808897
"Erick Kipkoech Kirui",24karats_Erick,2019-05-21 23:52,0,4,"#Spacex Mars #elonthegenius pic.twitter.com/wPQaxFqf1j",,,#Spacex #elonthegenius,"1131090424611909632",https://twitter.com/24karats_Erick/status/1131090424611909632
"Chao Zhou",realChaoZhou,2019-05-21 06:08,7,50,"Final countdown of Tesla gigafactory 3 race. Guys, only 9 days due to complete!!! $ tsla #Tesla #SpaceX #ElonMusk pic.twitter.com/3PUY55Mx2L",,,#Tesla #SpaceX #ElonMusk,"1130822673628450817",https://twitter.com/realChaoZhou/status/1130822673628450817
"Alltechdaily",All_techdaily,2019-05-21 05:12,3,2,"The SpaceX Dragon capsule was built to bring payload into space, especially to the International Space Station. #space #science #spacex #dragon #dragoncapsule #crewdragon #spaceship #starship #starhopper #rocket #launch #elonmusk #bfr #dragonv2 #dragon2 #nasa credit: @spaceorama pic.twitter.com/NJGQNsgeeC",,@spaceorama,#space #science #spacex #dragon #dragoncapsule #crewdragon #spaceship #starship #starhopper #rocket #launch #elonmusk #bfr #dragonv2 #dragon2 #nasa,"1130808457693728771",https://twitter.com/All_techdaily/status/1130808457693728771
"Greg Scott üöÄ",lake_sea_mtns,2019-05-20 15:36,11,62,"Hollywood & Eagle just pulled OCISLY out of the Port for the trip back out #OCISLY @SpaceXFleet @OCISLYDroneship #SpaceX @nextspaceflight @NASASpaceflight @spacecoast_stve pic.twitter.com/um2yMIg1Hk",,@SpaceXFleet @OCISLYDroneship @nextspaceflight @NASASpaceflight @spacecoast_stve,#OCISLY #SpaceX,"1130603272438452229",https://twitter.com/lake_sea_mtns/status/1130603272438452229
"/r/SpaceX Masterrace",SpaceXMR,2019-05-23 03:08,0,0,"This is not good! SLC-40 is in danger again! #SpaceX https://www.reddit.com/r/SpaceXMasterrace/comments/bs04nj/this_is_not_good_slc40_is_in_danger_again/?utm_source=ifttt ‚Ä¶ pic.twitter.com/NXHHHz07ud",,,#SpaceX,"1131502113836683264",https://twitter.com/SpaceXMR/status/1131502113836683264
"/r/SpaceX Masterrace",SpaceXMR,2019-05-22 20:33,0,1,"The Fault In Our Starlinks #SpaceX https://www.reddit.com/r/SpaceXMasterrace/comments/bry50r/the_fault_in_our_starlinks/?utm_source=ifttt ‚Ä¶ pic.twitter.com/F3t37Jdwjq",,,#SpaceX,"1131402647058210817",https://twitter.com/SpaceXMR/status/1131402647058210817
"Falcon 9 Block 5",Falcon9Block5,2019-05-22 15:26,6,26,"#SpaceX #Starlink COUNTDOWN NET UPDATE: Falcon 9 is currently at the horizontal integrations facility (HIF) at launch pad SLC-40 in Cape Canaveral FL. The rocket will be transported and erected into an upright position at T-10hrs. pic.twitter.com/h9q9kZmWHm",,,#SpaceX #Starlink,"1131325595579691008",https://twitter.com/Falcon9Block5/status/1131325595579691008
"Raul",Raul74Cz,2019-05-22 08:08,6,37,"Updated map of Launch Hazard Areas, with next two issued NOTAMs for #SpaceX #Starlink-1 mission. Planned position for B1049.3 landing 621km downrange. Expected position for fairing water landing and recovery approx. 734km downrange. https://goo.gl/HXcS8Q pic.twitter.com/vjMmmbcV2C",,,#SpaceX #Starlink,"1131215256460640258",https://twitter.com/Raul74Cz/status/1131215256460640258
"/r/SpaceX Masterrace",SpaceXMR,2019-05-22 03:08,0,1,"The good ol' days #SpaceX https://www.reddit.com/r/SpaceXMasterrace/comments/brlugu/the_good_ol_days/?utm_source=ifttt ‚Ä¶ pic.twitter.com/MPGIVap8fg",,,#SpaceX,"1131139681385689090",https://twitter.com/SpaceXMR/status/1131139681385689090
"/r/SpaceX Masterrace",SpaceXMR,2019-05-21 12:36,0,1,"im sick of areodynamics cow, lets hear it for the REAL hero‚Äôs #SpaceX https://www.reddit.com/r/SpaceXMasterrace/comments/breazi/im_sick_of_areodynamics_cow_lets_hear_it_for_the/?utm_source=ifttt ‚Ä¶ pic.twitter.com/IlLLVfHJG2",,,#SpaceX,"1130920247287062529",https://twitter.com/SpaceXMR/status/1130920247287062529
"TheTeslaLife",TheTeslaLife,2019-05-21 10:07,1,22,"The upcoming #Tesla #Roadster - what are the benefits of having #SpaceX cold gas thrusters on board? https://insideevs.com/news/350682/tesla-roadster-spacex-thrusters/ ‚Ä¶ pic.twitter.com/DUNLRiLgoB",,,#Tesla #Roadster #SpaceX,"1130882933395533824",https://twitter.com/TheTeslaLife/status/1130882933395533824
"Chris G - NSF",ChrisG_NSF,2019-05-21 09:47,21,109,"L-2 day forecast holding at 90% GO. Upper Level Winds looking good. Sub-tropical Storm (now depression) #Andrea is in western Atlantic northeast of The Bahamas tracking toward Bermuda. No effect to launch. Sea states at #Falcon9 recovery zone might be high. #SpaceX #Starlink pic.twitter.com/bRnX8692OM",,,#Andrea #Falcon9 #SpaceX #Starlink,"1130877682714120192",https://twitter.com/ChrisG_NSF/status/1130877682714120192
"Pauline Acalin",w00ki33,2019-05-21 09:39,17,183,"A day/night comparison from one of my remote cams prior to Falcon Heavy launch. #Arabsat6A #falconheavy #spacex @MiopsTrigger pic.twitter.com/3OR851GxSb",,@MiopsTrigger,#Arabsat6A #falconheavy #spacex,"1130875793469394944",https://twitter.com/w00ki33/status/1130875793469394944
"EPFL Hyperloop",epfloop,2019-05-21 03:02,6,17,"The whole #EPFLoop Team is working hard to finish working on Bella Lui, our #Hyperloop Pod prototype. Just in time for next week‚Äôs Unveiling Event! Don‚Äôt forget to show your support with the hashtag #GoEPFLoop as we are getting closer to the #SpaceX Competition. pic.twitter.com/cyXYT5bAzN",,,#EPFLoop #Hyperloop #GoEPFLoop #SpaceX,"1130775823689179138",https://twitter.com/epfloop/status/1130775823689179138
"Falcon 9 Block 5",Falcon9Block5,2019-05-20 16:24,2,5,"My @elonmusk @SpaceX #Starlink mission patch is complete! Which one do u like better? Mine or SpaceX's? Or are they both equally awesome? #SpaceX #Falcon9 pic.twitter.com/K8k72KDumq",,@elonmusk @SpaceX,#Starlink #SpaceX #Falcon9,"1130615383583408128",https://twitter.com/Falcon9Block5/status/1130615383583408128
"/r/SpaceX Masterrace",SpaceXMR,2019-05-20 15:26,0,1,"Build your own Starship today! #SpaceX https://www.reddit.com/r/SpaceXMasterrace/comments/br1o2t/build_your_own_starship_today/?utm_source=ifttt ‚Ä¶ pic.twitter.com/XHeLwKZizv",,,#SpaceX,"1130600663732424706",https://twitter.com/SpaceXMR/status/1130600663732424706
"/r/SpaceX Masterrace",SpaceXMR,2019-05-20 12:36,0,1,"I see that Curious Elephant is also a man of culture #SpaceX https://www.reddit.com/r/SpaceXMasterrace/comments/bqzt7i/i_see_that_curious_elephant_is_also_a_man_of/?utm_source=ifttt ‚Ä¶ pic.twitter.com/vkw5p5hgPs",,,#SpaceX,"1130557867466088449",https://twitter.com/SpaceXMR/status/1130557867466088449
"Roger Holt",RogerLewisHolt,2019-05-20 12:09,11,82,"Looks like a good way to get your head chopped off! #SpaceX CreditMaria Pointer pic.twitter.com/G1wXHadoLM",,,#SpaceX,"1130551048995856384",https://twitter.com/RogerLewisHolt/status/1130551048995856384
"Astro",AstroCapcom,2019-05-20 11:58,2,25,"The @spacex fleet from @PortCanaveral. Mr. Stephen has one arm installed. Seen from the Disney Dream. #spacex #spacexfleet pic.twitter.com/KCvQwbX607",,@spacex @PortCanaveral,#spacex #spacexfleet,"1130548407578353665",https://twitter.com/AstroCapcom/status/1130548407578353665
"Roger Holt",RogerLewisHolt,2019-05-20 11:25,2,20,"So Cool! #SpaceX CreditMraia Pointer pic.twitter.com/4TSCyDUFRe",,,#SpaceX,"1130540049345515521",https://twitter.com/RogerLewisHolt/status/1130540049345515521
"/r/SpaceX Masterrace",SpaceXMR,2019-05-20 10:01,0,1,"Starship payload #SpaceX https://www.reddit.com/r/SpaceXMasterrace/comments/bqwy99/starship_payload/?utm_source=ifttt ‚Ä¶ pic.twitter.com/jbwXfjggX0",,,#SpaceX,"1130518949236543490",https://twitter.com/SpaceXMR/status/1130518949236543490
"Chris G - NSF",ChrisG_NSF,2019-05-20 09:55,39,123,"L-3day weather forecast for #Starlink. 90% chance of acceptable ground weather. Upper Level Winds looking good, too. #SpaceX #Falcon9. Launch is 23 May at 22:30 EDT (02:30 UTC on 24 May). pic.twitter.com/Xz22x9LRBU",,,#Starlink #SpaceX #Falcon9,"1130517538159439872",https://twitter.com/ChrisG_NSF/status/1130517538159439872
"Roger Holt",RogerLewisHolt,2019-05-20 00:43,6,51,"The engine section of the SpaceX Orbital Starship at Boca Chica. #SpaceX CreditMr.BocaChica pic.twitter.com/p0ZJ56Sa8I",,,#SpaceX,"1130378524634898432",https://twitter.com/RogerLewisHolt/status/1130378524634898432
"/r/SpaceX Masterrace",SpaceXMR,2019-05-19 17:26,0,2,"The only way it will ever exist #SpaceX https://www.reddit.com/r/SpaceXMasterrace/comments/bqnw4v/the_only_way_it_will_ever_exist/?utm_source=ifttt ‚Ä¶ pic.twitter.com/Dl795pq7Py",,,#SpaceX,"1130268455951884288",https://twitter.com/SpaceXMR/status/1130268455951884288
"√Ålvaro Molina Ayuso",molinaayuso,2019-05-21 09:20,3,15,"Launching #SpaceX rocket in the classroom @IEStaRosadeLima #AR #edtech with @Clever_Books engineering and resource #Education #future4EDU pic.twitter.com/vza54IXXO5",,@IEStaRosadeLima @Clever_Books,#SpaceX #AR #edtech #Education #future4EDU,"1130870932510302215",https://twitter.com/molinaayuso/status/1130870932510302215
"/r/SpaceX Masterrace",SpaceXMR,2019-05-21 07:21,0,0,"LEMon lemon LeMon #SpaceX https://www.reddit.com/r/SpaceXMasterrace/comments/br9jgj/lemon_lemon_lemon/?utm_source=ifttt ‚Ä¶ pic.twitter.com/mXPIZSmUh4",,,#SpaceX,"1130840977457975296",https://twitter.com/SpaceXMR/status/1130840977457975296
"Jason E. Osborne",PaleoExplorer,2019-05-21 07:07,9,16,"We are so proud of @EchsFalcon HS student for she will represent 45 years of experiments submitted by students onto the International Space Station. She will present at the ISS R&D conference this summer via @ISS_CASIS - @PICKeducation @EctorCountyISD #ISS #SpaceX @OdessaCollegehttps://twitter.com/newswest9/status/1130835643330961409 ‚Ä¶",,@EchsFalcon @ISS_CASIS @PICKeducation @EctorCountyISD @OdessaCollegehttps,#ISS #SpaceX,"1130837509649387520",https://twitter.com/PaleoExplorer/status/1130837509649387520
"/r/SpaceX Masterrace",SpaceXMR,2019-05-20 23:36,0,2,"Here we go again #SpaceX https://www.reddit.com/r/SpaceXMasterrace/comments/br6i5s/here_we_go_again/?utm_source=ifttt ‚Ä¶ pic.twitter.com/yQxvOaZrxU",,,#SpaceX,"1130723978178420737",https://twitter.com/SpaceXMR/status/1130723978178420737
"/r/SpaceX Masterrace",SpaceXMR,2019-05-20 20:21,0,0,"RIP tall boi #SpaceX https://www.reddit.com/r/SpaceXMasterrace/comments/br3qnj/rip_tall_boi/?utm_source=ifttt ‚Ä¶ pic.twitter.com/byhEJMO8eF",,,#SpaceX,"1130674872319975425",https://twitter.com/SpaceXMR/status/1130674872319975425
"/r/SpaceX Masterrace",SpaceXMR,2019-05-20 16:21,0,0,"TFW Starship gets a new nose cone... #SpaceX https://www.reddit.com/r/SpaceXMasterrace/comments/br1sty/tfw_starship_gets_a_new_nose_cone/?utm_source=ifttt ‚Ä¶ pic.twitter.com/qwi8p0nWV6",,,#SpaceX,"1130614510228783110",https://twitter.com/SpaceXMR/status/1130614510228783110
"Falcon 9 Block 5",Falcon9Block5,2019-05-20 16:02,0,0,"Added some updates to my custom made @SpaceX #Starlink Mission Patch! #Falcon9 #SpaceX pic.twitter.com/CcAyuTZatW",,@SpaceX,#Starlink #Falcon9 #SpaceX,"1130609814898323457",https://twitter.com/Falcon9Block5/status/1130609814898323457
"Greg Scott üöÄ",lake_sea_mtns,2019-05-20 14:55,3,30,"Hollywood just pulled up to OCISLY for the trip back out #OCISLY @SpaceXFleet @OCISLYDroneship #SpaceX @nextspaceflight @NASASpaceflight pic.twitter.com/rAVKyxPnB9",,@SpaceXFleet @OCISLYDroneship @nextspaceflight @NASASpaceflight,#OCISLY #SpaceX,"1130592793435488258",https://twitter.com/lake_sea_mtns/status/1130592793435488258
"Ken Kremer",ken_kremer,2019-05-20 14:32,5,49,"#SpaceX has rescheduled the #Starlink1 launch on this twice flown #Falcon9 for May 23 at 1030 PM ET. Stay tuned here for @SpaceX updates pic.twitter.com/8y2oF70ThE",,@SpaceX,#SpaceX #Starlink1 #Falcon9,"1130587124846219265",https://twitter.com/ken_kremer/status/1130587124846219265
"Supercluster",SuperclusterHQ,2019-05-20 14:27,4,10,"#SpaceX will now launch the first 60 of its #Starlink broadband satellites on Thursday night at !0:30 PM EDT from Cape Canaveral We discuss Elon Musk's plan to populate orbit with thousands of these spacecraft on our new podcast, Last Week in Space: http://bit.ly/starlinkpod pic.twitter.com/kv8njtHjTg",,,#SpaceX #Starlink,"1130585912965029888",https://twitter.com/SuperclusterHQ/status/1130585912965029888
"Tesla New York",TeslaNY,2019-05-20 13:50,5,11,"#SpaceX is the No. 1 #rocket company by revenue, with $2 billion last year, Jefferies estimates https://www.cnbc.com/2019/05/20/spacex-revenue-2-billion-from-rockets-last-year-jefferies-estimate.html ‚Ä¶ $ TSLA #Falcon9 #ElonMusk pic.twitter.com/7NJHaiD1KR",,,#SpaceX #rocket #Falcon9 #ElonMusk,"1130576577799102469",https://twitter.com/TeslaNY/status/1130576577799102469
"Viral",_viralshah,2019-05-20 10:58,0,1,"Drogon got phenomenal thrust and heat. #FalconHeavy destruction. #MaxQ #GameOfThronesFinale #SpaceX pic.twitter.com/4nrwutqs9G",,,#FalconHeavy #MaxQ #GameOfThronesFinale #SpaceX,"1130533150528901120",https://twitter.com/_viralshah/status/1130533150528901120
"/r/SpaceX Masterrace",SpaceXMR,2019-05-20 10:31,0,0,"TFW Elon Is Displeased With Starship's Progress #SpaceX https://www.reddit.com/r/SpaceXMasterrace/comments/bqy57w/tfw_elon_is_displeased_with_starships_progress/?utm_source=ifttt ‚Ä¶ pic.twitter.com/Rj7kdthEUZ",,,#SpaceX,"1130526428825554944",https://twitter.com/SpaceXMR/status/1130526428825554944
"Emre Kelly",EmreKelly,2019-05-20 10:17,22,80,"L-3 forecast out for #SpaceX Starlink launch this Thursday. Looking 90% favorable. Window = 2230 to 0000 ET (0230 to 0630 UTC). Remember: The forecast probability does not include @upperlevelwinds, which have been awfully defensive lately. pic.twitter.com/GElXJp5REH",,@upperlevelwinds,#SpaceX,"1130522970387111942",https://twitter.com/EmreKelly/status/1130522970387111942
"/r/SpaceX Masterrace",SpaceXMR,2019-05-20 10:01,0,1,"Starship in Florida #SpaceX https://www.reddit.com/r/SpaceXMasterrace/comments/bqxgbh/starship_in_florida/?utm_source=ifttt ‚Ä¶ pic.twitter.com/JBor3bJaYa",,,#SpaceX,"1130518967133659136",https://twitter.com/SpaceXMR/status/1130518967133659136
"/r/SpaceX Masterrace",SpaceXMR,2019-05-20 10:01,0,0,"LEMon lemon #SpaceX https://www.reddit.com/r/SpaceXMasterrace/comments/bqxtez/lemon_lemon/?utm_source=ifttt ‚Ä¶ pic.twitter.com/cmz3Lru5Jq",,,#SpaceX,"1130518958426267649",https://twitter.com/SpaceXMR/status/1130518958426267649
"/r/SpaceX Masterrace",SpaceXMR,2019-05-20 07:21,0,0,"Hubble Snaps Photo Of Distant Nebula [2019] #SpaceX https://www.reddit.com/r/SpaceXMasterrace/comments/bqw0h9/hubble_snaps_photo_of_distant_nebula_2019/?utm_source=ifttt ‚Ä¶ pic.twitter.com/VnE3Ajq7uC",,,#SpaceX,"1130478687797809152",https://twitter.com/SpaceXMR/status/1130478687797809152
"/r/SpaceX Masterrace",SpaceXMR,2019-05-20 07:21,0,0,"Haters will say its fake #SpaceX https://www.reddit.com/r/SpaceXMasterrace/comments/bqw404/haters_will_say_its_fake/?utm_source=ifttt ‚Ä¶ pic.twitter.com/LMHch6uHSn",,,#SpaceX,"1130478682823380993",https://twitter.com/SpaceXMR/status/1130478682823380993
"Cowboy Dan",CowboyDanPaasch,2019-05-20 06:02,0,43,"Interestin' weekend overhead of the new assembly area out back. The Rio Grande Valley's two-weeks of Spring appear to be ending. #SpaceX #FlyBocaChica #SouthTEXAS ( credits: MrBocaChica & NWS-Brownsville) pic.twitter.com/r3WK7UBpWE",,,#SpaceX #FlyBocaChica #SouthTEXAS,"1130458804267700224",https://twitter.com/CowboyDanPaasch/status/1130458804267700224
"Friends of WikiLeaks",FoWLChi,2019-05-19 21:58,1,2,"The Boring Company and its technology aren't worth a bag of shit. It's nothing but a dog-and-pony show created by con man @elonmusk to draw in more gullible venture capitalists so he could financially shore up #Tesla and #SpaceX.",,@elonmusk,#Tesla #SpaceX,"1130336884201263104",https://twitter.com/FoWLChi/status/1130336884201263104
"Roger Holt",RogerLewisHolt,2019-05-20 13:36,2,13,"Here is a cool! video of the Cocoa Starship contruction site. #SpaceX https://www.youtube.com/watch?time_continue=5&v=kpeS7noRqyE ‚Ä¶",,,#SpaceX,"1130573051421220866",https://twitter.com/RogerLewisHolt/status/1130573051421220866
"‚õì M3ZO ‚õì",M3ZO_,2019-05-20 13:07,0,3,". hey @elonmusk, Can't wait for your #SpaceX program to save #egypt from Internet Monopoly",,@elonmusk,#SpaceX #egypt,"1130565779244670979",https://twitter.com/M3ZO_/status/1130565779244670979
"Emre Kelly",EmreKelly,2019-05-20 12:45,10,80,"Really nice views of #SpaceX's Starship / Starhopper in Cocoa courtesy of @EMSpeck. Looks like they might be setting up stands to put the final product on?https://www.youtube.com/watch?v=kpeS7noRqyE ‚Ä¶",,@EMSpeck,#SpaceX,"1130560284291207168",https://twitter.com/EmreKelly/status/1130560284291207168
"Just A. Tinker",John_Gardi,2019-05-20 12:33,3,25,"#SpaceX fans There's a lot of talk about #Starlink but I haven't seen anyone speculate about the shape of the sats or the details of deployment. Thus arose this typical Justatinker sketch I did during my radio show this morning (attempting to avoid #GameOfThrones spoilers). pic.twitter.com/vfHYmQLkEx",,,#SpaceX #Starlink #GameOfThrones,"1130557231861313536",https://twitter.com/John_Gardi/status/1130557231861313536
"Mark B Smolen",markbsmolen,2019-05-20 11:35,0,0,"#spacex launch site... shuttleprogram #nasa apollomissions aplollomissions @Launch Pad 39-A https://www.instagram.com/p/BxsdELoDxSm/?igshid=wfj9u6i9ghn8 ‚Ä¶",,@Launch,#spacex #nasa,"1130542505567461376",https://twitter.com/markbsmolen/status/1130542505567461376
"üêÜ David of Breizh üê¢",breizh_72,2019-05-20 10:55,1,2,"First #SpaceX #Starlink mission, why 60 Satellites ? 550 km ? credit : @LeiCreativeshttps://youtu.be/ho36aufooAU",,@LeiCreativeshttps,#SpaceX #Starlink,"1130532445873475584",https://twitter.com/breizh_72/status/1130532445873475584
"Alltechdaily",All_techdaily,2019-05-20 10:02,0,3,"Deimos is suspected to have water ice on it, but as of now, there is no exact data about this. #Mars #redplanet #martian #terraform #spacefacts #spacecraft #spacex #spacestation #spaceexplorer #spaceexploration #spacephoto #spacephotography #theuniverse credit: @marstronauts pic.twitter.com/sMO1k9O3LZ",,@marstronauts,#Mars #redplanet #martian #terraform #spacefacts #spacecraft #spacex #spacestation #spaceexplorer #spaceexploration #spacephoto #spacephotography #theuniverse,"1130519050583285769",https://twitter.com/All_techdaily/status/1130519050583285769
"Next SpaceX Launch",SpaceXCountdown,2019-05-20 08:52,2,5,"Launch moved for Falcon 9 Block 5 | Starlink. Now scheduled for May 24 at 02:30 UTC #SpaceX #Falcon9 #FalconHeavy #ElonMusk http://edvinholm.se/countdown",,,#SpaceX #Falcon9 #FalconHeavy #ElonMusk,"1130501504874536960",https://twitter.com/SpaceXCountdown/status/1130501504874536960
"MIOPS Trigger",MiopsTrigger,2019-05-20 07:34,2,32,"And the winner of the last week @mhaskellphoto Congratulations! https://www.instagram.com/p/BxsBS1opr1v/?igshid=4rtwktq8ip3t ‚Ä¶ #rocket #rocketlaunch #falcon #falconheavy #spacex #falcon9 #photooftheday #spaceflight #launchphptography #camera pic.twitter.com/RvfmeNuAcN",,@mhaskellphoto,#rocket #rocketlaunch #falcon #falconheavy #spacex #falcon9 #photooftheday #spaceflight #launchphptography #camera,"1130481988195016707",https://twitter.com/MiopsTrigger/status/1130481988195016707
"RowLow",iRowLow,2019-05-20 06:25,0,1,"just doing some stand up at the hoo #elonmusk #bapkin #spacex #paysex @The Hood Bar and Pizza https://www.instagram.com/p/Bxr49_sFGww/?igshid=5ghshzkjkte4 ‚Ä¶",,@The,#elonmusk #bapkin #spacex #paysex,"1130464509066395648",https://twitter.com/iRowLow/status/1130464509066395648
"The Silicon Review",Dsiliconreview,2019-05-20 04:53,0,0,"SpaceX set to launch the first group of satellites for its Starlink project. #SpaceX #satellites #starlink https://bit.ly/2QcoVQA pic.twitter.com/FDMfAMzZ4Y",,,#SpaceX #satellites #starlink,"1130441474695421953",https://twitter.com/Dsiliconreview/status/1130441474695421953
"/r/SpaceX Masterrace",SpaceXMR,2019-05-20 04:51,0,0,"Watch out, Jeff! Yours are not the only blue balls in town anymore. #SpaceX https://www.reddit.com/r/SpaceXMasterrace/comments/bqubem/watch_out_jeff_yours_are_not_the_only_blue_balls/?utm_source=ifttt ‚Ä¶ pic.twitter.com/sfqKf0Z0yf",,,#SpaceX,"1130440811026550784",https://twitter.com/SpaceXMR/status/1130440811026550784
"anna",annawhoregitay,2019-05-20 03:56,2,3,"@elonmusk how many retweets would it take to get an interview with you for my EPQ? #SpaceX",,@elonmusk,#SpaceX,"1130427039683678208",https://twitter.com/annawhoregitay/status/1130427039683678208
"Just A. Tinker",John_Gardi,2019-05-20 02:19,2,13,"#NASA taps #SpaceX, #BlueOrigin & others for Artemis lunar lander project: https://www.cnet.com/news/nasa-taps-spacex-blue-origin-and-others-for-artemis-lunar-lander-project/ ‚Ä¶ These aren't just studies, there's mention of prototypes too. I don't know if NASA is actually funding these or is testing the waters to see how much enthusiasm there is out there.",,,#NASA #SpaceX #BlueOrigin,"1130402590464925697",https://twitter.com/John_Gardi/status/1130402590464925697
"Roger Holt",RogerLewisHolt,2019-05-20 00:29,0,8,"Lots going on at the Boca Chica launch site. #SpaceX https://forum.nasaspaceflight.com/index.php?topic=47120.msg1948046#msg1948046 ‚Ä¶",,,#SpaceX #msg1948046,"1130375095686434818",https://twitter.com/RogerLewisHolt/status/1130375095686434818
"Ashish Bedekar",ashishrbedekar,2019-05-19 23:26,1,1,"SpaceX will launch dozens of ‚ÄúStarlink‚Äù satellites #SpaceX #Starlink #ElonMuskhttps://www.economist.com/science-and-technology/2019/05/11/spacex-will-launch-dozens-of-starlink-satellites ‚Ä¶",,,#SpaceX #Starlink #ElonMuskhttps,"1130359020815093761",https://twitter.com/ashishrbedekar/status/1130359020815093761
"Íú±·¥Ä·¥ç·¥Ä…¥·¥õ ú·¥Ä  ô·¥Ä Ä…¥·¥Ä Ä·¥Ö",MrsSamBarnard,2019-05-19 21:05,0,0,"Elon Musk to Receive Stephen Hawking Communication Prize from Astrophysicist Brian May - https://buff.ly/2LFwErF #SpaceX #SpaceGeek pic.twitter.com/kO1hTTVqBq",,,#SpaceX #SpaceGeek,"1130323516304351232",https://twitter.com/MrsSamBarnard/status/1130323516304351232
"Friends of WikiLeaks",FoWLChi,2019-05-19 20:22,1,7,"It's the same with #SpaceX and their concept for #Starlink. Visionary engineering from start to finish, pursuing a project whose underlying astrophysics, engineering & economic bases are questionable at best and run contrary to best practices in all these disciplines. #SpaceXQ",,,#SpaceX #Starlink #SpaceXQ,"1130312840852758528",https://twitter.com/FoWLChi/status/1130312840852758528
"Falcon 9 Block 5",Falcon9Block5,2019-05-19 18:40,3,11,"Fun fact about @NASA 's Transiting Exoplanet Surveyor Satellite @NASA_TESS : The spacecraft is very small! Take a look at it, as it's getting loaded into the @spaceX Falcon 9's fairings which can fit a school bus inside them. #SpaceX #NASA #TESS #Falcon9 pic.twitter.com/8BMA5Am9tu",,@NASA @NASA_TESS @spaceX,#SpaceX #NASA #TESS #Falcon9,"1130287050064662528",https://twitter.com/Falcon9Block5/status/1130287050064662528
"/r/SpaceX Masterrace",SpaceXMR,2019-05-19 17:26,0,0,"Found where NASA put its Budget this year #SpaceX https://www.reddit.com/r/SpaceXMasterrace/comments/bqo1w9/found_where_nasa_put_its_budget_this_year/?utm_source=ifttt ‚Ä¶ pic.twitter.com/kjS67DDpmg",,,#SpaceX,"1130268462696341505",https://twitter.com/SpaceXMR/status/1130268462696341505
"Elon News",Theelonews,2019-05-20 04:35,1,0,"SpaceX sues US government to protest mystery launch or rocket R&D contracts #SpaceX https://www.teslarati.com/spacex-sues-federal-government-mystery-contracts/ ‚Ä¶",,,#SpaceX,"1130436794078695424",https://twitter.com/Theelonews/status/1130436794078695424
"David N0BTC/WRCK670",DavidBLinux,2019-05-20 03:58,0,0,"Wow I wasn't expecting my @SpaceX video to be quite so popular so quickly. Thanks everybody for watching! In case you haven't seen it here's the link. https://youtu.be/wtV89VsTlFY #SpaceX #starlink #internet #falcon9",,@SpaceX,#SpaceX #starlink #internet #falcon9,"1130427582934061063",https://twitter.com/DavidBLinux/status/1130427582934061063
"Des C0n",DeSc0n,2019-05-20 03:53,0,1,"#SpaceX #rocket launch causes a strange luminescent #structureshttps://theconversation.com/why-is-the-pentagon-interested-in-ufos-116714 ‚Ä¶",,,#SpaceX #rocket #structureshttps,"1130426266275000320",https://twitter.com/DeSc0n/status/1130426266275000320
"Roger Holt",RogerLewisHolt,2019-05-20 00:27,0,9,"New crane! #SpaceX https://www.youtube.com/watch?time_continue=7&v=f_4S9JylPfI ‚Ä¶",,,#SpaceX,"1130374562875621376",https://twitter.com/RogerLewisHolt/status/1130374562875621376
"Carles Dijous (AAlb)",carlesdijous,2019-05-19 23:51,0,0,"Elon #Musk's #SpaceX Is Suing the US Government Once Again | http://bit.ly/2YEWJJb",,,#Musk #SpaceX,"1130365286933131265",https://twitter.com/carlesdijous/status/1130365286933131265
"Omar N",najomar68,2019-05-19 23:27,0,0,"@elonmusk can we do rocket cremations? It cost a lot here for some body to get burned, might as well strap the body to a rocket at let it burn on the way up with the stars after leaving orbit. #SpaceX Can we pre-order this immediately with our new @Tesla? :) @CADGuru pic.twitter.com/9tMjOftpfe",,@elonmusk @Tesla @CADGuru,#SpaceX,"1130359490203725824",https://twitter.com/najomar68/status/1130359490203725824
"Sam Wai Sing Ng",sam_ng_,2019-05-19 23:10,0,0,"SpaceX #SpaceX #Starhopper#Starship #Superheavy #MoonExploration #MarsExploration #SpaceExploration #MoonBase #MarsBase #Rocketry #HKRocketry #HongKongRocketry #È¶ôÊ∏ØÁÅ´ÁÆ≠Â≠∏ #ÁÅ´ÁÆ≠Â≠∏ #È¶ôÊ∏Ø #HK #HongKong #HongKongInstagram‚Ä¶ https://www.instagram.com/p/Bxo5RakgUng/?igshid=qau245aei606 ‚Ä¶",,,#SpaceX #Starhopper #Starship #Superheavy #MoonExploration #MarsExploration #SpaceExploration #MoonBase #MarsBase #Rocketry #HKRocketry #HongKongRocketry #È¶ôÊ∏ØÁÅ´ÁÆ≠Â≠∏ #ÁÅ´ÁÆ≠Â≠∏ #È¶ôÊ∏Ø #HK #HongKong #HongKongInstagram,"1130355157764661248",https://twitter.com/sam_ng_/status/1130355157764661248
"Friends of WikiLeaks",FoWLChi,2019-05-19 22:52,0,0,"What do you think will happen if the lunatic 60 satellite payload twice-scrubbed #SpaceX launch in the wake of the their human crew capsule failure was to fail in the wake of the collapse of #Tesla's stock price?",,,#SpaceX #Tesla,"1130350524610621440",https://twitter.com/FoWLChi/status/1130350524610621440
"Friends of WikiLeaks",FoWLChi,2019-05-19 22:41,1,2,"#SpaceX has scrubbed the lat two scheduled launches of their idiotic 60 satellite payload launch monstrosity because if it fails in the wake of the collapse of #Tesla stock then the entire @elonmusk empire will be called into question.",,@elonmusk,#SpaceX #Tesla,"1130347779874799616",https://twitter.com/FoWLChi/status/1130347779874799616
"Eddie Rux",EddieRux,2019-05-19 22:00,0,1,"The UNBELIEVABLE Achievements of SpaceX So Far https://youtu.be/TJBW250_e1E via @YouTube #SpaceX @elonmusk",,@YouTube @elonmusk,#SpaceX,"1130337454316064773",https://twitter.com/EddieRux/status/1130337454316064773
"Dwayne Hibbert",dwayneluwe,2019-05-19 18:58,0,0,"SpaceX - Power in Perseverance https://youtu.be/vCV_N_lsrqY via @YouTube #spacex",,@YouTube,#spacex,"1130291676415709185",https://twitter.com/dwayneluwe/status/1130291676415709185
"Mgwill",Mgwill,2019-05-19 18:55,1,1,"The most important thing for the raptors is to get the starship to space, the moon and Mars. #SpaceX #raptors",,,#SpaceX #raptors,"1130290852415148032",https://twitter.com/Mgwill/status/1130290852415148032
"Suzette Miranda",suzettelm8,2019-05-19 18:19,0,2,". @elonmusk This old tweet of mine Sadly, it still holds true today! When are the naysayers going to give you a break? You‚Äôve grown and accomplished so much more, but the gnats are still there. How do you handle it all? #Tesla #SpaceX #ElonMusk https://twitter.com/suzettelm8/status/576150165200891904 ‚Ä¶",,@elonmusk,#Tesla #SpaceX #ElonMusk,"1130281956942393344",https://twitter.com/suzettelm8/status/1130281956942393344
"Fresh Marker!",thefreshmarker,2019-05-19 18:15,0,0,"I wish I had thought of this. - Elon Musk #spacex #stopdrymarkeritishttps://www.kickstarter.com/projects/728087865/fresh-marker ‚Ä¶",,,#spacex #stopdrymarkeritishttps,"1130280736781668353",https://twitter.com/thefreshmarker/status/1130280736781668353
"CorneliaAmiri",CorneliaAmiri,2019-05-19 17:29,1,1,"#Spacex is about to launch a #solarsail inspired by #carlsagan https://futurism.com/the-byte/lightsail-solar-sail-planetary-society-spacex ‚Ä¶ #space",,,#Spacex #solarsail #carlsagan #space,"1130269306942631937",https://twitter.com/CorneliaAmiri/status/1130269306942631937